,scannedDeviceRangingData,scannedDeviceEddystoneUid,time,rssi
0,-15,7BB8BD884D95DBBD613588BD06DA4164,27/03/2020 13:25:19,-99
1,-15,7BB8BD884D95DBBD613588BD06DA4164,27/03/2020 14:07:35,-68
2,-15,7BB8BD884D95DBBD613588BD06DA4164,27/03/2020 14:07:35,-80
3,-15,7BB8BD884D95DBBD613588BD06DA4164,27/03/2020 14:33:23,-46
4,-15,7BB8BD884D95DBBD613588BD06DA4164,27/03/2020 14:33:29,-46
5,-15,7BB8BD884D95DBBD613588BD06DA4164,27/03/2020 14:33:29,-38
6,-15,7BB8BD884D95DBBD613588BD06DA4164,27/03/2020 14:33:39,-39
7,-15,7BB8BD884D95DBBD613588BD06DA4164,27/03/2020 14:33:45,-38
8,-15,7BB8BD884D95DBBD613588BD06DA4164,27/03/2020 14:33:55,-40
9,-15,7BB8BD884D95DBBD613588BD06DA4164,27/03/2020 14:34:00,-46
10,-15,7BB8BD884D95DBBD613588BD06DA4164,27/03/2020 14:34:00,-38
11,-15,7BB8BD884D95DBBD613588BD06DA4164,27/03/2020 14:34:05,-46
12,-15,7BB8BD884D95DBBD613588BD06DA4164,27/03/2020 14:34:10,-40
13,-15,7BB8BD884D95DBBD613588BD06DA4164,27/03/2020 14:34:20,-46
14,-15,7BB8BD884D95DBBD613588BD06DA4164,27/03/2020 14:34:35,-46
15,-15,7BB8BD884D95DBBD613588BD06DA4164,27/03/2020 14:34:36,-46
16,-15,7BB8BD884D95DBBD613588BD06DA4164,27/03/2020 14:34:46,-46
17,-15,7BB8BD884D95DBBD613588BD06DA4164,27/03/2020 14:34:51,-46
18,-15,7BB8BD884D95DBBD613588BD06DA4164,27/03/2020 14:34:56,-46
19,-15,7BB8BD884D95DBBD613588BD06DA4164,27/03/2020 14:34:56,-40
20,-15,7BB8BD884D95DBBD613588BD06DA4164,27/03/2020 14:35:02,-46
21,-15,7BB8BD884D95DBBD613588BD06DA4164,27/03/2020 14:35:11,-77
22,-15,7BB8BD884D95DBBD613588BD06DA4164,27/03/2020 14:35:11,-79
23,-15,7BB8BD884D95DBBD613588BD06DA4164,27/03/2020 14:35:13,-79
24,-15,7BB8BD884D95DBBD613588BD06DA4164,27/03/2020 14:35:14,-82
25,-15,7BB8BD884D95DBBD613588BD06DA4164,27/03/2020 14:35:14,-82
26,-15,7BB8BD884D95DBBD613588BD06DA4164,27/03/2020 14:35:14,-79
27,-15,7BB8BD884D95DBBD613588BD06DA4164,27/03/2020 14:35:14,-79
28,-15,7BB8BD884D95DBBD613588BD06DA4164,27/03/2020 14:35:15,-79
29,-15,7BB8BD884D95DBBD613588BD06DA4164,27/03/2020 14:35:15,-78
30,-15,7BB8BD884D95DBBD613588BD06DA4164,27/03/2020 14:35:15,-79
31,-15,7BB8BD884D95DBBD613588BD06DA4164,27/03/2020 14:35:16,-82
32,-15,7BB8BD884D95DBBD613588BD06DA4164,27/03/2020 14:35:16,-81
33,-15,7BB8BD884D95DBBD613588BD06DA4164,27/03/2020 14:35:17,-82
34,-15,7BB8BD884D95DBBD613588BD06DA4164,27/03/2020 14:35:17,-80
35,-15,7BB8BD884D95DBBD613588BD06DA4164,27/03/2020 14:35:18,-79
36,-15,7BB8BD884D95DBBD613588BD06DA4164,27/03/2020 14:35:18,-79
37,-15,7BB8BD884D95DBBD613588BD06DA4164,27/03/2020 14:35:19,-79
38,-15,7BB8BD884D95DBBD613588BD06DA4164,27/03/2020 14:35:22,-85
39,-15,7BB8BD884D95DBBD613588BD06DA4164,27/03/2020 14:35:23,-86
40,-15,7BB8BD884D95DBBD613588BD06DA4164,27/03/2020 14:35:23,-85
41,-15,7BB8BD884D95DBBD613588BD06DA4164,27/03/2020 14:35:27,-85
42,-15,7BB8BD884D95DBBD613588BD06DA4164,27/03/2020 14:35:30,-89
43,-15,7BB8BD884D95DBBD613588BD06DA4164,27/03/2020 14:35:31,-90
44,-15,7BB8BD884D95DBBD613588BD06DA4164,27/03/2020 14:35:31,-89
45,-15,7BB8BD884D95DBBD613588BD06DA4164,27/03/2020 14:35:31,-89
46,-15,7BB8BD884D95DBBD613588BD06DA4164,27/03/2020 14:35:51,-81
47,-15,7BB8BD884D95DBBD613588BD06DA4164,27/03/2020 14:35:52,-85
48,-15,7BB8BD884D95DBBD613588BD06DA4164,27/03/2020 14:35:55,-91
49,-15,7BB8BD884D95DBBD613588BD06DA4164,27/03/2020 14:35:56,-94
50,-15,7BB8BD884D95DBBD613588BD06DA4164,27/03/2020 14:36:03,-83
51,-15,7BB8BD884D95DBBD613588BD06DA4164,27/03/2020 14:36:03,-83
52,-15,7BB8BD884D95DBBD613588BD06DA4164,27/03/2020 14:36:04,-83
53,-15,7BB8BD884D95DBBD613588BD06DA4164,27/03/2020 14:36:07,-80
54,-15,7BB8BD884D95DBBD613588BD06DA4164,27/03/2020 14:36:08,-81
55,-15,7BB8BD884D95DBBD613588BD06DA4164,27/03/2020 14:36:08,-81
56,-15,7BB8BD884D95DBBD613588BD06DA4164,27/03/2020 14:36:11,-80
57,-15,7BB8BD884D95DBBD613588BD06DA4164,27/03/2020 14:36:12,-80
58,-15,7BB8BD884D95DBBD613588BD06DA4164,27/03/2020 14:36:12,-82
59,-15,7BB8BD884D95DBBD613588BD06DA4164,27/03/2020 14:36:12,-80
60,-15,7BB8BD884D95DBBD613585502DBA5E46,27/03/2020 14:29:54,-80
61,-15,7BB8BD884D95DBBD613585502DBA5E46,27/03/2020 14:29:54,-80
62,-15,7BB8BD884D95DBBD613585502DBA5E46,27/03/2020 14:29:59,-80
63,-15,7BB8BD884D95DBBD613585502DBA5E46,27/03/2020 14:29:59,-85
64,-15,7BB8BD884D95DBBD613585502DBA5E46,27/03/2020 14:30:04,-84
65,-15,7BB8BD884D95DBBD613585502DBA5E46,27/03/2020 14:30:09,-81
66,-15,7BB8BD884D95DBBD613585502DBA5E46,27/03/2020 14:30:19,-75
67,-15,7BB8BD884D95DBBD613585502DBA5E46,27/03/2020 14:30:19,-90
68,-15,7BB8BD884D95DBBD613585502DBA5E46,27/03/2020 14:30:24,-89
69,-15,7BB8BD884D95DBBD613585502DBA5E46,27/03/2020 14:30:24,-80
70,-15,7BB8BD884D95DBBD613585502DBA5E46,27/03/2020 14:30:34,-78
71,-15,7BB8BD884D95DBBD613585502DBA5E46,27/03/2020 14:30:34,-79
72,-15,7BB8BD884D95DBBD613585502DBA5E46,27/03/2020 14:30:39,-75
73,-15,7BB8BD884D95DBBD613585502DBA5E46,27/03/2020 14:30:39,-75
74,-15,7BB8BD884D95DBBD613585502DBA5E46,27/03/2020 14:30:44,-81
75,-15,7BB8BD884D95DBBD613585502DBA5E46,27/03/2020 14:30:44,-82
76,-15,7BB8BD884D95DBBD613585502DBA5E46,27/03/2020 14:30:49,-82
77,-15,7BB8BD884D95DBBD613585502DBA5E46,27/03/2020 14:30:49,-74
78,-15,7BB8BD884D95DBBD613585502DBA5E46,27/03/2020 14:30:54,-79
79,-15,7BB8BD884D95DBBD613585502DBA5E46,27/03/2020 14:30:54,-80
80,-15,7BB8BD884D95DBBD613585502DBA5E46,27/03/2020 14:30:54,-80
81,-15,7BB8BD884D95DBBD613585502DBA5E46,27/03/2020 14:30:59,-80
82,-15,7BB8BD884D95DBBD613585502DBA5E46,27/03/2020 14:31:04,-74
83,-15,7BB8BD884D95DBBD613585502DBA5E46,27/03/2020 14:31:09,-81
84,-15,7BB8BD884D95DBBD613585502DBA5E46,27/03/2020 14:31:09,-80
85,-15,7BB8BD884D95DBBD613585502DBA5E46,27/03/2020 14:31:19,-73
86,-15,7BB8BD884D95DBBD613585502DBA5E46,27/03/2020 14:31:44,-90
87,-15,7BB8BD884D95DBBD613585502DBA5E46,27/03/2020 14:31:44,-96
88,-15,7BB8BD884D95DBBD613585502DBA5E46,27/03/2020 14:31:49,-86
89,-15,7BB8BD884D95DBBD613585502DBA5E46,27/03/2020 14:31:54,-84
90,-15,7BB8BD884D95DBBD613585502DBA5E46,27/03/2020 14:31:54,-82
91,-15,7BB8BD884D95DBBD613585502DBA5E46,27/03/2020 14:31:59,-97
92,-15,7BB8BD884D95DBBD613585502DBA5E46,27/03/2020 14:32:04,-86
93,-15,7BB8BD884D95DBBD613585502DBA5E46,27/03/2020 14:32:10,-76
94,-15,7BB8BD884D95DBBD613585502DBA5E46,27/03/2020 14:32:15,-90
95,-15,7BB8BD884D95DBBD613585502DBA5E46,27/03/2020 14:32:20,-73
96,-15,7BB8BD884D95DBBD613585502DBA5E46,27/03/2020 14:32:25,-81
97,-15,7BB8BD884D95DBBD613585502DBA5E46,27/03/2020 14:32:35,-87
98,-15,7BB8BD884D95DBBD613585502DBA5E46,27/03/2020 14:32:35,-87
99,-15,7BB8BD884D95DBBD613585502DBA5E46,27/03/2020 14:32:39,-89
100,-15,7BB8BD884D95DBBD613585502DBA5E46,27/03/2020 14:32:40,-89
101,-15,7BB8BD884D95DBBD613585502DBA5E46,27/03/2020 14:32:45,-87
102,-15,7BB8BD884D95DBBD613585502DBA5E46,27/03/2020 14:32:49,-77
103,-15,7BB8BD884D95DBBD613585502DBA5E46,27/03/2020 14:32:50,-77
104,-15,7BB8BD884D95DBBD613585502DBA5E46,27/03/2020 14:32:55,-81
105,-15,7BB8BD884D95DBBD613585502DBA5E46,27/03/2020 14:32:59,-83
106,-15,7BB8BD884D95DBBD613585502DBA5E46,27/03/2020 14:33:05,-84
107,-15,7BB8BD884D95DBBD613585502DBA5E46,27/03/2020 14:33:19,-72
108,-15,7BB8BD884D95DBBD613585502DBA5E46,27/03/2020 14:33:20,-72
109,-15,7BB8BD884D95DBBD613585502DBA5E46,27/03/2020 14:33:25,-81
110,-15,7BB8BD884D95DBBD613585502DBA5E46,27/03/2020 14:33:30,-86
111,-15,7BB8BD884D95DBBD613585502DBA5E46,27/03/2020 14:33:35,-87
112,-15,7BB8BD884D95DBBD613585502DBA5E46,27/03/2020 14:33:40,-85
113,-15,7BB8BD884D95DBBD613585502DBA5E46,27/03/2020 14:33:40,-86
114,-15,7BB8BD884D95DBBD613585502DBA5E46,27/03/2020 14:33:45,-95
115,-15,7BB8BD884D95DBBD613585502DBA5E46,27/03/2020 14:33:50,-89
116,-15,7BB8BD884D95DBBD613585502DBA5E46,27/03/2020 14:34:00,-88
117,-15,7BB8BD884D95DBBD613585502DBA5E46,27/03/2020 14:34:00,-98
118,-15,7BB8BD884D95DBBD613585502DBA5E46,27/03/2020 14:34:05,-76
119,-15,7BB8BD884D95DBBD613585502DBA5E46,27/03/2020 14:34:10,-67
120,-15,7BB8BD884D95DBBD613585502DBA5E46,27/03/2020 14:34:10,-67
121,-15,7BB8BD884D95DBBD613585502DBA5E46,27/03/2020 14:34:20,-70
122,-15,7BB8BD884D95DBBD613585502DBA5E46,27/03/2020 14:34:20,-71
123,-15,7BB8BD884D95DBBD613585502DBA5E46,27/03/2020 14:34:24,-69
124,-15,7BB8BD884D95DBBD613585502DBA5E46,27/03/2020 14:34:25,-68
125,-15,7BB8BD884D95DBBD613585502DBA5E46,27/03/2020 14:34:30,-73
126,-15,7BB8BD884D95DBBD613585502DBA5E46,27/03/2020 14:34:34,-71
127,-15,7BB8BD884D95DBBD613585502DBA5E46,27/03/2020 14:34:35,-72
128,-15,7BB8BD884D95DBBD613585502DBA5E46,27/03/2020 14:34:40,-66
129,-15,7BB8BD884D95DBBD613585502DBA5E46,27/03/2020 14:34:44,-72
130,-15,7BB8BD884D95DBBD613585502DBA5E46,27/03/2020 14:34:45,-72
131,-15,7BB8BD884D95DBBD613585502DBA5E46,27/03/2020 14:36:44,-73
132,-15,7BB8BD884D95DBBD613585502DBA5E46,27/03/2020 14:36:45,-73
133,-15,7BB8BD884D95DBBD613585502DBA5E46,27/03/2020 14:36:50,-72
134,-15,7BB8BD884D95DBBD613585502DBA5E46,27/03/2020 14:36:50,-72
135,-15,7BB8BD884D95DBBD613585502DBA5E46,27/03/2020 14:36:55,-69
136,-15,7BB8BD884D95DBBD613585502DBA5E46,27/03/2020 14:36:55,-69
137,-15,7BB8BD884D95DBBD613585502DBA5E46,27/03/2020 14:37:00,-74
138,-15,7BB8BD884D95DBBD613585502DBA5E46,27/03/2020 14:37:00,-75
139,-15,7BB8BD884D95DBBD613585502DBA5E46,27/03/2020 14:37:05,-71
140,-15,7BB8BD884D95DBBD613585502DBA5E46,27/03/2020 14:37:10,-69
141,-15,7BB8BD884D95DBBD613585502DBA5E46,27/03/2020 14:37:10,-69
142,-15,7BB8BD884D95DBBD613585502DBA5E46,27/03/2020 14:37:15,-73
143,-15,7BB8BD884D95DBBD613585502DBA5E46,27/03/2020 14:37:15,-73
144,-15,7BB8BD884D95DBBD613585502DBA5E46,27/03/2020 14:37:20,-71
145,-15,7BB8BD884D95DBBD613585502DBA5E46,27/03/2020 14:37:25,-69
146,-15,7BB8BD884D95DBBD613585502DBA5E46,27/03/2020 14:37:25,-69
147,-15,7BB8BD884D95DBBD613585502DBA5E46,27/03/2020 14:37:30,-72
148,-15,7BB8BD884D95DBBD613585502DBA5E46,27/03/2020 14:37:30,-74
149,-15,7BB8BD884D95DBBD613585502DBA5E46,27/03/2020 14:37:35,-71
150,-15,7BB8BD884D95DBBD613585502DBA5E46,27/03/2020 14:37:35,-72
151,-15,7BB8BD884D95DBBD613585502DBA5E46,27/03/2020 14:37:39,-68
152,-15,7BB8BD884D95DBBD613585502DBA5E46,27/03/2020 14:37:40,-68
153,-15,7BB8BD884D95DBBD613585502DBA5E46,27/03/2020 14:37:45,-72
154,-15,7BB8BD884D95DBBD613585502DBA5E46,27/03/2020 14:37:45,-72
155,-15,7BB8BD884D95DBBD613585502DBA5E46,27/03/2020 14:37:49,-71
156,-15,7BB8BD884D95DBBD613585502DBA5E46,27/03/2020 14:37:50,-71
157,-15,7BB8BD884D95DBBD613585502DBA5E46,27/03/2020 14:37:55,-67
158,-15,7BB8BD884D95DBBD613585502DBA5E46,27/03/2020 14:37:55,-68
159,-15,7BB8BD884D95DBBD613585502DBA5E46,27/03/2020 14:37:59,-73
160,-15,7BB8BD884D95DBBD613585502DBA5E46,27/03/2020 14:38:00,-73
161,-15,7BB8BD884D95DBBD613585502DBA5E46,27/03/2020 14:38:05,-72
162,-15,7BB8BD884D95DBBD613585502DBA5E46,27/03/2020 14:38:05,-73
163,-15,7BB8BD884D95DBBD613585502DBA5E46,27/03/2020 14:38:10,-70
164,-15,7BB8BD884D95DBBD613585502DBA5E46,27/03/2020 14:38:10,-70
165,-15,7BB8BD884D95DBBD613585502DBA5E46,27/03/2020 14:38:15,-75
166,-15,7BB8BD884D95DBBD613585502DBA5E46,27/03/2020 14:38:19,-70
167,-15,7BB8BD884D95DBBD613585502DBA5E46,27/03/2020 14:38:20,-70
168,-15,7BB8BD884D95DBBD613585502DBA5E46,27/03/2020 14:38:25,-68
169,-15,7BB8BD884D95DBBD613585502DBA5E46,27/03/2020 14:38:25,-68
170,-15,7BB8BD884D95DBBD613585502DBA5E46,27/03/2020 14:38:30,-72
171,-15,7BB8BD884D95DBBD613585502DBA5E46,27/03/2020 14:38:34,-71
172,-15,7BB8BD884D95DBBD613585502DBA5E46,27/03/2020 14:38:35,-71
173,-15,7BB8BD884D95DBBD613585502DBA5E46,27/03/2020 14:38:35,-71
174,-15,7BB8BD884D95DBBD613585502DBA5E46,27/03/2020 14:38:40,-68
175,-15,7BB8BD884D95DBBD613585502DBA5E46,27/03/2020 14:38:45,-72
176,-15,7BB8BD884D95DBBD613585502DBA5E46,27/03/2020 14:38:50,-69
177,-15,7BB8BD884D95DBBD613585502DBA5E46,27/03/2020 14:38:50,-71
178,-15,7BB8BD884D95DBBD613585502DBA5E46,27/03/2020 14:39:00,-72
179,-15,7BB8BD884D95DBBD613585502DBA5E46,27/03/2020 14:39:00,-72
180,-15,7BB8BD884D95DBBD613585502DBA5E46,27/03/2020 14:39:04,-71
181,-15,7BB8BD884D95DBBD613585502DBA5E46,27/03/2020 14:39:05,-72
182,-15,7BB8BD884D95DBBD613585502DBA5E46,27/03/2020 14:39:10,-70
183,-15,7BB8BD884D95DBBD613585502DBA5E46,27/03/2020 14:39:10,-70
184,-15,7BB8BD884D95DBBD613585502DBA5E46,27/03/2020 14:39:14,-72
185,-15,7BB8BD884D95DBBD613585502DBA5E46,27/03/2020 14:39:15,-72
186,-15,7BB8BD884D95DBBD613585502DBA5E46,27/03/2020 14:39:20,-70
187,-15,7BB8BD884D95DBBD613585502DBA5E46,27/03/2020 14:39:20,-71
188,-15,7BB8BD884D95DBBD613585502DBA5E46,27/03/2020 14:39:24,-70
189,-15,7BB8BD884D95DBBD613585502DBA5E46,27/03/2020 14:39:25,-70
190,-15,7BB8BD884D95DBBD613585502DBA5E46,27/03/2020 14:39:30,-71
191,-15,7BB8BD884D95DBBD613585502DBA5E46,27/03/2020 14:39:30,-71
192,-15,7BB8BD884D95DBBD613585502DBA5E46,27/03/2020 14:39:34,-68
193,-15,7BB8BD884D95DBBD613585502DBA5E46,27/03/2020 14:39:35,-70
194,-15,7BB8BD884D95DBBD613585502DBA5E46,27/03/2020 14:39:40,-69
195,-15,7BB8BD884D95DBBD613585502DBA5E46,27/03/2020 14:39:40,-68
196,-15,7BB8BD884D95DBBD613585502DBA5E46,27/03/2020 14:39:44,-72
197,-15,7BB8BD884D95DBBD613585502DBA5E46,27/03/2020 14:39:45,-72
198,-15,7BB8BD884D95DBBD613585502DBA5E46,27/03/2020 14:39:50,-70
199,-15,7BB8BD884D95DBBD613585502DBA5E46,27/03/2020 14:39:50,-71
200,-15,7BB8BD884D95DBBD613585502DBA5E46,27/03/2020 14:39:54,-69
201,-15,7BB8BD884D95DBBD613585502DBA5E46,27/03/2020 14:39:55,-69
202,-15,7BB8BD884D95DBBD613585502DBA5E46,27/03/2020 14:40:00,-73
203,-15,7BB8BD884D95DBBD613585502DBA5E46,27/03/2020 14:40:05,-71
204,-15,7BB8BD884D95DBBD613585502DBA5E46,27/03/2020 14:40:05,-71
205,-15,7BB8BD884D95DBBD613585502DBA5E46,27/03/2020 14:40:10,-97
206,-15,7BB8BD884D95DBBD613585502DBA5E46,27/03/2020 14:40:15,-72
207,-15,7BB8BD884D95DBBD613585502DBA5E46,27/03/2020 14:40:15,-72
208,-15,7BB8BD884D95DBBD613585502DBA5E46,27/03/2020 14:40:20,-70
209,-15,7BB8BD884D95DBBD613585502DBA5E46,27/03/2020 14:40:25,-70
210,-15,7BB8BD884D95DBBD613585502DBA5E46,27/03/2020 14:40:25,-70
211,-15,7BB8BD884D95DBBD613585502DBA5E46,27/03/2020 14:40:30,-72
212,-15,7BB8BD884D95DBBD613585502DBA5E46,27/03/2020 14:40:30,-72
213,-15,7BB8BD884D95DBBD613585502DBA5E46,27/03/2020 14:40:35,-71
214,-15,7BB8BD884D95DBBD613585502DBA5E46,27/03/2020 14:40:35,-71
215,-15,7BB8BD884D95DBBD613585502DBA5E46,27/03/2020 14:40:39,-69
216,-15,7BB8BD884D95DBBD613585502DBA5E46,27/03/2020 14:40:40,-67
217,-15,7BB8BD884D95DBBD613585502DBA5E46,27/03/2020 14:40:45,-73
218,-15,7BB8BD884D95DBBD613585502DBA5E46,27/03/2020 14:40:45,-73
219,-15,7BB8BD884D95DBBD613585502DBA5E46,27/03/2020 14:40:49,-71
220,-15,7BB8BD884D95DBBD613585502DBA5E46,27/03/2020 14:40:50,-72
221,-15,7BB8BD884D95DBBD613585502DBA5E46,27/03/2020 14:40:55,-69
222,-15,7BB8BD884D95DBBD613585502DBA5E46,27/03/2020 14:40:55,-69
223,-15,7BB8BD884D95DBBD613585502DBA5E46,27/03/2020 14:40:59,-72
224,-15,7BB8BD884D95DBBD613585502DBA5E46,27/03/2020 14:41:00,-72
225,-15,7BB8BD884D95DBBD613585502DBA5E46,27/03/2020 14:41:05,-71
226,-15,7BB8BD884D95DBBD613585502DBA5E46,27/03/2020 14:41:05,-70
227,-15,7BB8BD884D95DBBD613585502DBA5E46,27/03/2020 14:41:10,-70
228,-15,7BB8BD884D95DBBD613585502DBA5E46,27/03/2020 14:41:10,-67
229,-15,7BB8BD884D95DBBD613585502DBA5E46,27/03/2020 14:41:15,-71
230,-15,7BB8BD884D95DBBD613585502DBA5E46,27/03/2020 14:41:15,-70
231,-15,7BB8BD884D95DBBD613585502DBA5E46,27/03/2020 14:41:19,-69
232,-15,7BB8BD884D95DBBD613585502DBA5E46,27/03/2020 14:41:20,-69
233,-15,7BB8BD884D95DBBD613585502DBA5E46,27/03/2020 14:41:25,-68
234,-15,7BB8BD884D95DBBD613585502DBA5E46,27/03/2020 14:41:25,-68
235,-15,7BB8BD884D95DBBD613585502DBA5E46,27/03/2020 14:41:29,-72
236,-15,7BB8BD884D95DBBD613585502DBA5E46,27/03/2020 14:41:30,-72
237,-15,7BB8BD884D95DBBD613585502DBA5E46,27/03/2020 14:41:35,-70
238,-15,7BB8BD884D95DBBD613585502DBA5E46,27/03/2020 14:41:35,-71
239,-15,7BB8BD884D95DBBD613585502DBA5E46,27/03/2020 14:41:39,-68
240,-15,7BB8BD884D95DBBD613585502DBA5E46,27/03/2020 14:41:40,-69
241,-15,7BB8BD884D95DBBD613585502DBA5E46,27/03/2020 14:41:45,-72
242,-15,7BB8BD884D95DBBD613585502DBA5E46,27/03/2020 14:41:45,-73
243,-15,7BB8BD884D95DBBD613585502DBA5E46,27/03/2020 14:41:50,-71
244,-15,7BB8BD884D95DBBD613585502DBA5E46,27/03/2020 14:41:50,-70
245,-15,7BB8BD884D95DBBD613585502DBA5E46,27/03/2020 14:41:55,-70
246,-15,7BB8BD884D95DBBD613585502DBA5E46,27/03/2020 14:42:00,-73
247,-15,7BB8BD884D95DBBD613585502DBA5E46,27/03/2020 14:42:00,-73
248,-15,7BB8BD884D95DBBD613585502DBA5E46,27/03/2020 14:42:05,-72
249,-15,7BB8BD884D95DBBD613585502DBA5E46,27/03/2020 14:42:10,-70
250,-15,7BB8BD884D95DBBD613585502DBA5E46,27/03/2020 14:42:10,-70
251,-15,7BB8BD884D95DBBD613585502DBA5E46,27/03/2020 14:42:15,-73
252,-15,7BB8BD884D95DBBD613585502DBA5E46,27/03/2020 14:42:20,-71
253,-15,7BB8BD884D95DBBD613585502DBA5E46,27/03/2020 14:42:25,-70
254,-15,7BB8BD884D95DBBD613585502DBA5E46,27/03/2020 14:42:30,-72
255,-15,7BB8BD884D95DBBD613585502DBA5E46,27/03/2020 14:42:30,-73
256,-15,7BB8BD884D95DBBD613585502DBA5E46,27/03/2020 14:42:35,-71
257,-15,7BB8BD884D95DBBD613585502DBA5E46,27/03/2020 14:42:40,-70
258,-15,7BB8BD884D95DBBD613585502DBA5E46,27/03/2020 14:42:40,-70
259,-15,7BB8BD884D95DBBD613585502DBA5E46,27/03/2020 14:42:45,-72
260,-15,7BB8BD884D95DBBD613585502DBA5E46,27/03/2020 14:42:45,-72
261,-15,7BB8BD884D95DBBD613585502DBA5E46,27/03/2020 14:42:50,-70
262,-15,7BB8BD884D95DBBD613585502DBA5E46,27/03/2020 14:42:50,-71
263,-15,7BB8BD884D95DBBD613585502DBA5E46,27/03/2020 14:42:55,-70
264,-15,7BB8BD884D95DBBD613585502DBA5E46,27/03/2020 14:42:55,-70
265,-15,7BB8BD884D95DBBD613585502DBA5E46,27/03/2020 14:43:00,-72
266,-15,7BB8BD884D95DBBD613585502DBA5E46,27/03/2020 14:43:04,-70
267,-15,7BB8BD884D95DBBD613585502DBA5E46,27/03/2020 14:43:05,-70
268,-15,7BB8BD884D95DBBD613585502DBA5E46,27/03/2020 14:43:10,-69
269,-15,7BB8BD884D95DBBD613585502DBA5E46,27/03/2020 14:43:14,-71
270,-15,7BB8BD884D95DBBD613585502DBA5E46,27/03/2020 14:43:15,-71
271,-15,7BB8BD884D95DBBD613585502DBA5E46,27/03/2020 14:43:20,-70
272,-15,7BB8BD884D95DBBD613585502DBA5E46,27/03/2020 14:43:20,-70
273,-15,7BB8BD884D95DBBD613585502DBA5E46,27/03/2020 14:43:25,-69
274,-15,7BB8BD884D95DBBD613585502DBA5E46,27/03/2020 14:43:30,-71
275,-15,7BB8BD884D95DBBD613585502DBA5E46,27/03/2020 14:43:30,-71
276,-15,7BB8BD884D95DBBD613585502DBA5E46,27/03/2020 14:43:35,-70
277,-15,7BB8BD884D95DBBD613585502DBA5E46,27/03/2020 14:43:35,-70
278,-15,7BB8BD884D95DBBD613585502DBA5E46,27/03/2020 14:43:40,-68
279,-15,7BB8BD884D95DBBD613585502DBA5E46,27/03/2020 14:43:45,-71
280,-15,7BB8BD884D95DBBD613585502DBA5E46,27/03/2020 14:43:45,-71
281,-15,7BB8BD884D95DBBD613585502DBA5E46,27/03/2020 14:43:50,-70
282,-15,7BB8BD884D95DBBD613585502DBA5E46,27/03/2020 14:43:50,-70
283,-15,7BB8BD884D95DBBD613585502DBA5E46,27/03/2020 14:43:55,-69
284,-15,7BB8BD884D95DBBD613585502DBA5E46,27/03/2020 14:43:55,-69
285,-15,7BB8BD884D95DBBD613585502DBA5E46,27/03/2020 14:43:59,-73
286,-15,7BB8BD884D95DBBD613585502DBA5E46,27/03/2020 14:44:00,-73
287,-15,7BB8BD884D95DBBD613585502DBA5E46,27/03/2020 14:44:05,-70
288,-15,7BB8BD884D95DBBD613585502DBA5E46,27/03/2020 14:44:05,-70
289,-15,7BB8BD884D95DBBD613585502DBA5E46,27/03/2020 14:44:09,-71
290,-15,7BB8BD884D95DBBD613585502DBA5E46,27/03/2020 14:44:10,-69
291,-15,7BB8BD884D95DBBD613585502DBA5E46,27/03/2020 14:44:14,-78
292,-15,7BB8BD884D95DBBD613585502DBA5E46,27/03/2020 14:44:15,-77
293,-15,7BB8BD884D95DBBD613585502DBA5E46,27/03/2020 14:44:15,-72
294,-15,7BB8BD884D95DBBD613585502DBA5E46,27/03/2020 14:44:20,-71
295,-15,7BB8BD884D95DBBD613585502DBA5E46,27/03/2020 14:44:20,-71
296,-15,7BB8BD884D95DBBD613585502DBA5E46,27/03/2020 14:44:25,-69
297,-15,7BB8BD884D95DBBD613585502DBA5E46,27/03/2020 14:44:30,-77
298,-15,7BB8BD884D95DBBD613585502DBA5E46,27/03/2020 14:44:35,-70
299,-15,7BB8BD884D95DBBD613585502DBA5E46,27/03/2020 14:44:40,-68
300,-15,7BB8BD884D95DBBD613585502DBA5E46,27/03/2020 14:44:44,-71
301,-15,7BB8BD884D95DBBD613585502DBA5E46,27/03/2020 14:44:45,-71
302,-15,7BB8BD884D95DBBD613585502DBA5E46,27/03/2020 14:44:50,-70
303,-15,7BB8BD884D95DBBD613585502DBA5E46,27/03/2020 14:44:50,-71
304,-15,7BB8BD884D95DBBD613585502DBA5E46,27/03/2020 14:44:55,-68
305,-15,7BB8BD884D95DBBD613585502DBA5E46,27/03/2020 14:45:00,-73
306,-15,7BB8BD884D95DBBD613585502DBA5E46,27/03/2020 14:45:00,-72
307,-15,7BB8BD884D95DBBD613585502DBA5E46,27/03/2020 14:45:04,-72
308,-15,7BB8BD884D95DBBD613585502DBA5E46,27/03/2020 14:45:05,-73
309,-15,7BB8BD884D95DBBD613585502DBA5E46,27/03/2020 14:45:10,-73
310,-15,7BB8BD884D95DBBD613585502DBA5E46,27/03/2020 14:45:10,-73
311,-15,7BB8BD884D95DBBD613585502DBA5E46,27/03/2020 14:45:14,-75
312,-15,7BB8BD884D95DBBD613585502DBA5E46,27/03/2020 14:45:15,-74
313,-15,7BB8BD884D95DBBD613585502DBA5E46,27/03/2020 14:45:19,-75
314,-15,7BB8BD884D95DBBD613585502DBA5E46,27/03/2020 14:45:20,-74
315,-15,7BB8BD884D95DBBD613585502DBA5E46,27/03/2020 14:45:24,-71
316,-15,7BB8BD884D95DBBD613585502DBA5E46,27/03/2020 14:45:25,-74
317,-15,7BB8BD884D95DBBD613585502DBA5E46,27/03/2020 14:45:30,-75
318,-15,7BB8BD884D95DBBD613585502DBA5E46,27/03/2020 14:45:30,-74
319,-15,7BB8BD884D95DBBD613585502DBA5E46,27/03/2020 14:45:35,-74
320,-15,7BB8BD884D95DBBD613585502DBA5E46,27/03/2020 14:45:35,-75
321,-15,7BB8BD884D95DBBD613585502DBA5E46,27/03/2020 14:45:40,-74
322,-15,7BB8BD884D95DBBD613585502DBA5E46,27/03/2020 14:45:45,-75
323,-15,7BB8BD884D95DBBD613585502DBA5E46,27/03/2020 14:45:45,-75
324,-15,7BB8BD884D95DBBD613585502DBA5E46,27/03/2020 14:45:50,-74
325,-15,7BB8BD884D95DBBD613585502DBA5E46,27/03/2020 14:45:50,-75
326,-15,7BB8BD884D95DBBD613585502DBA5E46,27/03/2020 14:45:54,-74
327,-15,7BB8BD884D95DBBD613585502DBA5E46,27/03/2020 14:45:55,-74
328,-15,7BB8BD884D95DBBD613585502DBA5E46,27/03/2020 14:46:00,-73
329,-15,7BB8BD884D95DBBD613585502DBA5E46,27/03/2020 14:46:00,-73
330,-15,7BB8BD884D95DBBD613585502DBA5E46,27/03/2020 14:46:05,-73
331,-15,7BB8BD884D95DBBD613585502DBA5E46,27/03/2020 14:46:05,-71
332,-15,7BB8BD884D95DBBD613585502DBA5E46,27/03/2020 14:46:10,-73
333,-15,7BB8BD884D95DBBD613585502DBA5E46,27/03/2020 14:46:10,-73
334,-15,7BB8BD884D95DBBD613585502DBA5E46,27/03/2020 14:46:15,-74
335,-15,7BB8BD884D95DBBD613585502DBA5E46,27/03/2020 14:46:15,-74
336,-15,7BB8BD884D95DBBD613585502DBA5E46,27/03/2020 14:46:25,-73
337,-15,7BB8BD884D95DBBD613585502DBA5E46,27/03/2020 14:46:25,-74
338,-15,7BB8BD884D95DBBD613585502DBA5E46,27/03/2020 14:46:30,-74
339,-15,7BB8BD884D95DBBD613585502DBA5E46,27/03/2020 14:46:30,-74
340,-15,7BB8BD884D95DBBD613585502DBA5E46,27/03/2020 14:46:35,-72
341,-15,7BB8BD884D95DBBD613585502DBA5E46,27/03/2020 14:46:35,-72
342,-15,7BB8BD884D95DBBD613585502DBA5E46,27/03/2020 14:46:39,-73
343,-15,7BB8BD884D95DBBD613585502DBA5E46,27/03/2020 14:46:40,-71
344,-15,7BB8BD884D95DBBD613585502DBA5E46,27/03/2020 14:46:45,-74
345,-15,7BB8BD884D95DBBD613585502DBA5E46,27/03/2020 14:46:55,-74
346,-15,7BB8BD884D95DBBD613585502DBA5E46,27/03/2020 14:46:55,-73
347,-15,7BB8BD884D95DBBD613585502DBA5E46,27/03/2020 14:47:00,-74
348,-15,7BB8BD884D95DBBD613585502DBA5E46,27/03/2020 14:47:00,-74
349,-15,7BB8BD884D95DBBD613585502DBA5E46,27/03/2020 14:47:05,-74
350,-15,7BB8BD884D95DBBD613585502DBA5E46,27/03/2020 14:47:10,-72
351,-15,7BB8BD884D95DBBD613585502DBA5E46,27/03/2020 14:47:10,-73
352,-15,7BB8BD884D95DBBD613585502DBA5E46,27/03/2020 14:47:15,-74
353,-15,7BB8BD884D95DBBD613585502DBA5E46,27/03/2020 14:47:15,-74
354,-15,7BB8BD884D95DBBD613585502DBA5E46,27/03/2020 14:47:20,-73
355,-15,7BB8BD884D95DBBD613585502DBA5E46,27/03/2020 14:47:20,-72
356,-15,7BB8BD884D95DBBD613585502DBA5E46,27/03/2020 14:47:24,-71
357,-15,7BB8BD884D95DBBD613585502DBA5E46,27/03/2020 14:47:25,-72
358,-15,7BB8BD884D95DBBD613585502DBA5E46,27/03/2020 14:47:30,-73
359,-15,7BB8BD884D95DBBD613585502DBA5E46,27/03/2020 14:47:35,-72
360,-15,7BB8BD884D95DBBD613585502DBA5E46,27/03/2020 14:47:35,-73
361,-15,7BB8BD884D95DBBD613585502DBA5E46,27/03/2020 14:47:40,-73
362,-15,7BB8BD884D95DBBD613585502DBA5E46,27/03/2020 14:47:40,-72
363,-15,7BB8BD884D95DBBD613585502DBA5E46,27/03/2020 14:47:45,-75
364,-15,7BB8BD884D95DBBD613585502DBA5E46,27/03/2020 14:47:50,-73
365,-15,7BB8BD884D95DBBD613585502DBA5E46,27/03/2020 14:47:50,-73
366,-15,7BB8BD884D95DBBD613585502DBA5E46,27/03/2020 14:47:55,-71
367,-15,7BB8BD884D95DBBD613585502DBA5E46,27/03/2020 14:48:00,-75
368,-15,7BB8BD884D95DBBD613585502DBA5E46,27/03/2020 14:48:00,-75
369,-15,7BB8BD884D95DBBD613585502DBA5E46,27/03/2020 14:48:05,-74
370,-15,7BB8BD884D95DBBD613585502DBA5E46,27/03/2020 14:48:05,-74
371,-15,7BB8BD884D95DBBD613585502DBA5E46,27/03/2020 14:48:09,-71
372,-15,7BB8BD884D95DBBD613585502DBA5E46,27/03/2020 14:48:10,-73
373,-15,7BB8BD884D95DBBD613585502DBA5E46,27/03/2020 14:48:15,-73
374,-15,7BB8BD884D95DBBD613585502DBA5E46,27/03/2020 14:48:15,-73
375,-15,7BB8BD884D95DBBD613585502DBA5E46,27/03/2020 14:48:19,-73
376,-15,7BB8BD884D95DBBD613585502DBA5E46,27/03/2020 14:48:20,-71
377,-15,7BB8BD884D95DBBD613585502DBA5E46,27/03/2020 14:48:25,-73
378,-15,7BB8BD884D95DBBD613585502DBA5E46,27/03/2020 14:48:25,-73
379,-15,7BB8BD884D95DBBD613585502DBA5E46,27/03/2020 14:48:29,-73
380,-15,7BB8BD884D95DBBD613585502DBA5E46,27/03/2020 14:48:30,-73
381,-15,7BB8BD884D95DBBD613585502DBA5E46,27/03/2020 14:48:35,-72
382,-15,7BB8BD884D95DBBD613585502DBA5E46,27/03/2020 14:48:35,-73
383,-15,7BB8BD884D95DBBD613585502DBA5E46,27/03/2020 14:48:40,-69
384,-15,7BB8BD884D95DBBD613585502DBA5E46,27/03/2020 14:48:45,-73
385,-15,7BB8BD884D95DBBD613585502DBA5E46,27/03/2020 14:48:50,-72
386,-15,7BB8BD884D95DBBD613585502DBA5E46,27/03/2020 14:48:50,-74
387,-15,7BB8BD884D95DBBD613585502DBA5E46,27/03/2020 14:48:55,-71
388,-15,7BB8BD884D95DBBD613585502DBA5E46,27/03/2020 14:49:00,-73
389,-15,7BB8BD884D95DBBD613585502DBA5E46,27/03/2020 14:49:10,-72
390,-15,7BB8BD884D95DBBD613585502DBA5E46,27/03/2020 14:49:10,-72
391,-15,7BB8BD884D95DBBD613585502DBA5E46,27/03/2020 14:49:15,-74
392,-15,7BB8BD884D95DBBD613585502DBA5E46,27/03/2020 14:49:20,-73
393,-15,7BB8BD884D95DBBD613585502DBA5E46,27/03/2020 14:49:20,-73
394,-15,7BB8BD884D95DBBD613585502DBA5E46,27/03/2020 14:49:25,-72
395,-15,7BB8BD884D95DBBD613585502DBA5E46,27/03/2020 14:49:30,-74
396,-15,7BB8BD884D95DBBD613585502DBA5E46,27/03/2020 14:49:30,-74
397,-15,7BB8BD884D95DBBD613585502DBA5E46,27/03/2020 14:49:34,-73
398,-15,7BB8BD884D95DBBD613585502DBA5E46,27/03/2020 14:49:35,-70
399,-15,7BB8BD884D95DBBD613585502DBA5E46,27/03/2020 14:49:40,-72
400,-15,7BB8BD884D95DBBD613585502DBA5E46,27/03/2020 14:49:44,-74
401,-15,7BB8BD884D95DBBD613585502DBA5E46,27/03/2020 14:49:45,-74
402,-15,7BB8BD884D95DBBD613585502DBA5E46,27/03/2020 14:49:50,-73
403,-15,7BB8BD884D95DBBD613585502DBA5E46,27/03/2020 14:49:54,-72
404,-15,7BB8BD884D95DBBD613585502DBA5E46,27/03/2020 14:49:55,-73
405,-15,7BB8BD884D95DBBD613585502DBA5E46,27/03/2020 14:50:00,-73
406,-15,7BB8BD884D95DBBD613585502DBA5E46,27/03/2020 14:50:00,-73
407,-15,7BB8BD884D95DBBD613585502DBA5E46,27/03/2020 14:50:04,-73
408,-15,7BB8BD884D95DBBD613585502DBA5E46,27/03/2020 14:50:05,-73
409,-15,7BB8BD884D95DBBD613585502DBA5E46,27/03/2020 14:50:10,-72
410,-15,7BB8BD884D95DBBD613585502DBA5E46,27/03/2020 14:50:15,-74
411,-15,7BB8BD884D95DBBD613585502DBA5E46,27/03/2020 14:50:20,-73
412,-15,7BB8BD884D95DBBD613585502DBA5E46,27/03/2020 14:50:20,-74
413,-15,7BB8BD884D95DBBD613585502DBA5E46,27/03/2020 14:50:25,-73
414,-15,7BB8BD884D95DBBD613585502DBA5E46,27/03/2020 14:50:35,-74
415,-15,7BB8BD884D95DBBD613585502DBA5E46,27/03/2020 14:50:35,-73
416,-15,7BB8BD884D95DBBD613585502DBA5E46,27/03/2020 14:50:40,-72
417,-15,7BB8BD884D95DBBD613585502DBA5E46,27/03/2020 14:50:40,-72
418,-15,7BB8BD884D95DBBD613585502DBA5E46,27/03/2020 14:50:45,-73
419,-15,7BB8BD884D95DBBD613585502DBA5E46,27/03/2020 14:50:45,-73
420,-15,7BB8BD884D95DBBD613585502DBA5E46,27/03/2020 14:50:55,-75
421,-15,7BB8BD884D95DBBD613585502DBA5E46,27/03/2020 14:50:55,-75
422,-15,7BB8BD884D95DBBD613585502DBA5E46,27/03/2020 14:50:59,-73
423,-15,7BB8BD884D95DBBD613585502DBA5E46,27/03/2020 14:51:00,-73
424,-15,7BB8BD884D95DBBD613585502DBA5E46,27/03/2020 14:51:05,-74
425,-15,7BB8BD884D95DBBD613585502DBA5E46,27/03/2020 14:51:05,-73
426,-15,7BB8BD884D95DBBD613585502DBA5E46,27/03/2020 14:51:05,-74
427,-15,7BB8BD884D95DBBD613585502DBA5E46,27/03/2020 14:51:09,-74
428,-15,7BB8BD884D95DBBD613585502DBA5E46,27/03/2020 14:51:15,-73
429,-15,7BB8BD884D95DBBD613585502DBA5E46,27/03/2020 14:51:15,-74
430,-15,7BB8BD884D95DBBD613585502DBA5E46,27/03/2020 14:51:20,-74
431,-15,7BB8BD884D95DBBD613585502DBA5E46,27/03/2020 14:51:30,-73
432,-15,7BB8BD884D95DBBD613585502DBA5E46,27/03/2020 14:51:30,-73
433,-15,7BB8BD884D95DBBD613585502DBA5E46,27/03/2020 14:51:35,-73
434,-15,7BB8BD884D95DBBD613585502DBA5E46,27/03/2020 14:51:40,-71
435,-15,7BB8BD884D95DBBD613585502DBA5E46,27/03/2020 14:51:40,-71
436,-15,7BB8BD884D95DBBD613585502DBA5E46,27/03/2020 14:51:44,-73
437,-15,7BB8BD884D95DBBD613585502DBA5E46,27/03/2020 14:51:45,-73
438,-15,7BB8BD884D95DBBD613585502DBA5E46,27/03/2020 14:51:49,-72
439,-15,7BB8BD884D95DBBD613585502DBA5E46,27/03/2020 14:51:50,-72
440,-15,7BB8BD884D95DBBD613585502DBA5E46,27/03/2020 14:51:50,-72
441,-15,7BB8BD884D95DBBD613585502DBA5E46,27/03/2020 14:51:54,-71
442,-15,7BB8BD884D95DBBD613585502DBA5E46,27/03/2020 14:51:55,-70
443,-15,7BB8BD884D95DBBD613585502DBA5E46,27/03/2020 14:52:00,-74
444,-15,7BB8BD884D95DBBD613585502DBA5E46,27/03/2020 14:52:00,-74
445,-15,7BB8BD884D95DBBD613585502DBA5E46,27/03/2020 14:52:04,-72
446,-15,7BB8BD884D95DBBD613585502DBA5E46,27/03/2020 14:52:05,-73
447,-15,7BB8BD884D95DBBD613585502DBA5E46,27/03/2020 14:52:10,-74
448,-15,7BB8BD884D95DBBD613585502DBA5E46,27/03/2020 14:52:10,-73
449,-15,7BB8BD884D95DBBD613585502DBA5E46,27/03/2020 14:52:14,-74
450,-15,7BB8BD884D95DBBD613585502DBA5E46,27/03/2020 14:52:15,-74
451,-15,7BB8BD884D95DBBD613585502DBA5E46,27/03/2020 14:52:20,-72
452,-15,7BB8BD884D95DBBD613585502DBA5E46,27/03/2020 14:52:20,-73
453,-15,7BB8BD884D95DBBD613585502DBA5E46,27/03/2020 14:52:25,-72
454,-15,7BB8BD884D95DBBD613585502DBA5E46,27/03/2020 14:52:25,-72
455,-15,7BB8BD884D95DBBD613585502DBA5E46,27/03/2020 14:52:30,-73
456,-15,7BB8BD884D95DBBD613585502DBA5E46,27/03/2020 14:52:35,-73
457,-15,7BB8BD884D95DBBD613585502DBA5E46,27/03/2020 14:52:35,-72
458,-15,7BB8BD884D95DBBD613585502DBA5E46,27/03/2020 14:52:39,-71
459,-15,7BB8BD884D95DBBD613585502DBA5E46,27/03/2020 14:52:40,-71
460,-15,7BB8BD884D95DBBD613585502DBA5E46,27/03/2020 14:52:45,-73
461,-15,7BB8BD884D95DBBD613585502DBA5E46,27/03/2020 14:52:45,-73
462,-15,7BB8BD884D95DBBD613585502DBA5E46,27/03/2020 14:52:50,-72
463,-15,7BB8BD884D95DBBD613585502DBA5E46,27/03/2020 14:52:54,-71
464,-15,7BB8BD884D95DBBD613585502DBA5E46,27/03/2020 14:52:55,-71
465,-15,7BB8BD884D95DBBD613585502DBA5E46,27/03/2020 14:53:00,-73
466,-15,7BB8BD884D95DBBD613585502DBA5E46,27/03/2020 14:53:00,-73
467,-15,7BB8BD884D95DBBD613585502DBA5E46,27/03/2020 14:53:05,-70
468,-15,7BB8BD884D95DBBD613585502DBA5E46,27/03/2020 14:53:05,-72
469,-15,7BB8BD884D95DBBD613585502DBA5E46,27/03/2020 14:53:10,-71
470,-15,7BB8BD884D95DBBD613585502DBA5E46,27/03/2020 14:53:10,-72
471,-15,7BB8BD884D95DBBD613585502DBA5E46,27/03/2020 14:53:14,-73
472,-15,7BB8BD884D95DBBD613585502DBA5E46,27/03/2020 14:53:15,-73
473,-15,7BB8BD884D95DBBD613585502DBA5E46,27/03/2020 14:53:20,-73
474,-15,7BB8BD884D95DBBD613585502DBA5E46,27/03/2020 14:53:20,-73
475,-15,7BB8BD884D95DBBD613585502DBA5E46,27/03/2020 14:53:24,-72
476,-15,7BB8BD884D95DBBD613585502DBA5E46,27/03/2020 14:53:25,-71
477,-15,7BB8BD884D95DBBD613585502DBA5E46,27/03/2020 14:53:30,-73
478,-15,7BB8BD884D95DBBD613585502DBA5E46,27/03/2020 14:53:30,-74
479,-15,7BB8BD884D95DBBD613585502DBA5E46,27/03/2020 14:53:34,-73
480,-15,7BB8BD884D95DBBD613585502DBA5E46,27/03/2020 14:53:35,-71
481,-15,7BB8BD884D95DBBD613585502DBA5E46,27/03/2020 14:53:39,-72
482,-15,7BB8BD884D95DBBD613585502DBA5E46,27/03/2020 14:53:40,-73
483,-15,7BB8BD884D95DBBD613585502DBA5E46,27/03/2020 14:53:45,-74
484,-15,7BB8BD884D95DBBD613585502DBA5E46,27/03/2020 14:53:50,-73
485,-15,7BB8BD884D95DBBD613585502DBA5E46,27/03/2020 14:53:54,-73
486,-15,7BB8BD884D95DBBD613585502DBA5E46,27/03/2020 14:53:55,-73
487,-15,7BB8BD884D95DBBD613585502DBA5E46,27/03/2020 14:54:00,-73
488,-15,7BB8BD884D95DBBD613585502DBA5E46,27/03/2020 14:54:00,-73
489,-15,7BB8BD884D95DBBD613585502DBA5E46,27/03/2020 14:54:05,-73
490,-15,7BB8BD884D95DBBD613585502DBA5E46,27/03/2020 14:54:05,-72
491,-15,7BB8BD884D95DBBD613585502DBA5E46,27/03/2020 14:54:15,-73
492,-15,7BB8BD884D95DBBD613585502DBA5E46,27/03/2020 14:54:15,-73
493,-15,7BB8BD884D95DBBD613585502DBA5E46,27/03/2020 14:54:20,-72
494,-15,7BB8BD884D95DBBD613585502DBA5E46,27/03/2020 14:54:25,-73
495,-15,7BB8BD884D95DBBD613585502DBA5E46,27/03/2020 14:54:25,-73
496,-15,7BB8BD884D95DBBD613585502DBA5E46,27/03/2020 14:54:29,-74
497,-15,7BB8BD884D95DBBD613585502DBA5E46,27/03/2020 14:54:30,-74
498,-15,7BB8BD884D95DBBD613585502DBA5E46,27/03/2020 14:54:35,-73
499,-15,7BB8BD884D95DBBD613585502DBA5E46,27/03/2020 14:54:35,-74
500,-15,7BB8BD884D95DBBD613585502DBA5E46,27/03/2020 14:54:39,-74
501,-15,7BB8BD884D95DBBD613585502DBA5E46,27/03/2020 14:54:40,-74
502,-15,7BB8BD884D95DBBD613585502DBA5E46,27/03/2020 14:54:45,-74
503,-15,7BB8BD884D95DBBD613585502DBA5E46,27/03/2020 14:54:49,-74
504,-15,7BB8BD884D95DBBD613585502DBA5E46,27/03/2020 14:54:55,-73
505,-15,7BB8BD884D95DBBD613585502DBA5E46,27/03/2020 14:54:59,-73
506,-15,7BB8BD884D95DBBD613585502DBA5E46,27/03/2020 14:55:00,-74
507,-15,7BB8BD884D95DBBD613585502DBA5E46,27/03/2020 14:55:05,-72
508,-15,7BB8BD884D95DBBD613585502DBA5E46,27/03/2020 14:55:05,-72
509,-15,7BB8BD884D95DBBD613585502DBA5E46,27/03/2020 14:55:10,-73
510,-15,7BB8BD884D95DBBD613585502DBA5E46,27/03/2020 14:55:10,-73
511,-15,7BB8BD884D95DBBD613585502DBA5E46,27/03/2020 14:55:15,-74
512,-15,7BB8BD884D95DBBD613585502DBA5E46,27/03/2020 14:55:15,-74
513,-15,7BB8BD884D95DBBD613585502DBA5E46,27/03/2020 14:55:15,-73
514,-15,7BB8BD884D95DBBD613585502DBA5E46,27/03/2020 14:55:20,-72
515,-15,7BB8BD884D95DBBD613585502DBA5E46,27/03/2020 14:55:20,-73
516,-15,7BB8BD884D95DBBD613585502DBA5E46,27/03/2020 14:55:25,-72
517,-15,7BB8BD884D95DBBD613585502DBA5E46,27/03/2020 14:55:30,-74
518,-15,7BB8BD884D95DBBD613585502DBA5E46,27/03/2020 14:55:30,-73
519,-15,7BB8BD884D95DBBD613585502DBA5E46,27/03/2020 14:55:35,-73
520,-15,7BB8BD884D95DBBD613585502DBA5E46,27/03/2020 14:55:35,-73
521,-15,7BB8BD884D95DBBD613585502DBA5E46,27/03/2020 14:55:40,-70
522,-15,7BB8BD884D95DBBD613585502DBA5E46,27/03/2020 14:55:40,-72
523,-15,7BB8BD884D95DBBD613585502DBA5E46,27/03/2020 14:55:45,-74
524,-15,7BB8BD884D95DBBD613585502DBA5E46,27/03/2020 14:55:45,-74
525,-15,7BB8BD884D95DBBD613585502DBA5E46,27/03/2020 14:55:50,-73
526,-15,7BB8BD884D95DBBD613585502DBA5E46,27/03/2020 14:55:50,-74
527,-15,7BB8BD884D95DBBD613585502DBA5E46,27/03/2020 14:55:55,-73
528,-15,7BB8BD884D95DBBD613585502DBA5E46,27/03/2020 14:55:55,-72
529,-15,7BB8BD884D95DBBD613585502DBA5E46,27/03/2020 14:56:00,-75
530,-15,7BB8BD884D95DBBD613585502DBA5E46,27/03/2020 14:56:00,-75
531,-15,7BB8BD884D95DBBD613585502DBA5E46,27/03/2020 14:56:05,-88
532,-15,7BB8BD884D95DBBD613585502DBA5E46,27/03/2020 14:56:10,-81
533,-15,7BB8BD884D95DBBD613585502DBA5E46,27/03/2020 14:56:10,-88
534,-15,7BB8BD884D95DBBD613585502DBA5E46,27/03/2020 14:56:15,-83
535,-15,7BB8BD884D95DBBD613585502DBA5E46,27/03/2020 14:56:15,-88
536,-15,7BB8BD884D95DBBD6135934F7D8F6851,27/03/2020 13:44:08,-76
537,-15,7BB8BD884D95DBBD6135934F7D8F6851,27/03/2020 13:44:09,-76
538,-15,7BB8BD884D95DBBD6135934F7D8F6851,27/03/2020 13:44:09,-78
539,-15,7BB8BD884D95DBBD6135934F7D8F6851,27/03/2020 13:44:09,-80
540,-15,7BB8BD884D95DBBD6135934F7D8F6851,27/03/2020 13:44:10,-78
541,-15,7BB8BD884D95DBBD6135934F7D8F6851,27/03/2020 13:44:24,-46
542,-15,7BB8BD884D95DBBD6135934F7D8F6851,27/03/2020 13:44:24,-46
543,-15,7BB8BD884D95DBBD6135934F7D8F6851,27/03/2020 13:44:43,-42
544,-15,7BB8BD884D95DBBD6135934F7D8F6851,27/03/2020 13:44:54,-46
545,-15,7BB8BD884D95DBBD6135934F7D8F6851,27/03/2020 13:45:04,-46
546,-15,7BB8BD884D95DBBD6135934F7D8F6851,27/03/2020 13:45:28,-65
547,-15,7BB8BD884D95DBBD6135934F7D8F6851,27/03/2020 13:45:28,-64
548,-15,7BB8BD884D95DBBD6135934F7D8F6851,27/03/2020 13:45:28,-65
549,-15,7BB8BD884D95DBBD6135934F7D8F6851,27/03/2020 13:45:34,-68
550,-15,7BB8BD884D95DBBD6135934F7D8F6851,27/03/2020 13:45:38,-74
551,-15,7BB8BD884D95DBBD6135934F7D8F6851,27/03/2020 13:45:39,-71
552,-15,7BB8BD884D95DBBD6135934F7D8F6851,27/03/2020 13:45:42,-73
553,-15,7BB8BD884D95DBBD6135934F7D8F6851,27/03/2020 13:45:47,-52
554,-15,7BB8BD884D95DBBD6135934F7D8F6851,27/03/2020 13:45:47,-56
555,-15,7BB8BD884D95DBBD6135934F7D8F6851,27/03/2020 13:45:47,-54
556,-15,7BB8BD884D95DBBD6135934F7D8F6851,27/03/2020 13:45:51,-53
557,-15,7BB8BD884D95DBBD6135934F7D8F6851,27/03/2020 13:45:51,-55
558,-15,7BB8BD884D95DBBD6135934F7D8F6851,27/03/2020 13:45:55,-56
559,-15,7BB8BD884D95DBBD6135934F7D8F6851,27/03/2020 13:45:59,-55
560,-15,7BB8BD884D95DBBD6135934F7D8F6851,27/03/2020 13:45:59,-55
561,-15,7BB8BD884D95DBBD6135934F7D8F6851,27/03/2020 13:46:03,-54
562,-15,7BB8BD884D95DBBD6135934F7D8F6851,27/03/2020 13:46:04,-52
563,-15,7BB8BD884D95DBBD6135934F7D8F6851,27/03/2020 13:46:07,-56
564,-15,7BB8BD884D95DBBD6135934F7D8F6851,27/03/2020 13:46:07,-57
565,-15,7BB8BD884D95DBBD6135934F7D8F6851,27/03/2020 13:46:11,-53
566,-15,7BB8BD884D95DBBD6135934F7D8F6851,27/03/2020 13:46:11,-52
567,-15,7BB8BD884D95DBBD6135934F7D8F6851,27/03/2020 13:46:11,-52
568,-15,7BB8BD884D95DBBD6135934F7D8F6851,27/03/2020 13:46:12,-52
569,-15,7BB8BD884D95DBBD6135934F7D8F6851,27/03/2020 13:46:15,-53
570,-15,7BB8BD884D95DBBD6135934F7D8F6851,27/03/2020 13:46:16,-53
571,-15,7BB8BD884D95DBBD6135934F7D8F6851,27/03/2020 13:46:20,-57
572,-15,7BB8BD884D95DBBD6135934F7D8F6851,27/03/2020 13:46:23,-55
573,-15,7BB8BD884D95DBBD6135934F7D8F6851,27/03/2020 13:56:19,-65
574,-15,7BB8BD884D95DBBD6135934F7D8F6851,27/03/2020 13:56:20,-64
575,-15,7BB8BD884D95DBBD6135934F7D8F6851,27/03/2020 13:56:20,-67
576,-15,7BB8BD884D95DBBD6135934F7D8F6851,27/03/2020 13:56:20,-73
577,-15,7BB8BD884D95DBBD6135934F7D8F6851,27/03/2020 13:56:28,-68
578,-15,7BB8BD884D95DBBD6135934F7D8F6851,27/03/2020 13:56:29,-68
579,-15,7BB8BD884D95DBBD6135934F7D8F6851,27/03/2020 13:56:29,-69
580,-15,7BB8BD884D95DBBD6135934F7D8F6851,27/03/2020 13:56:49,-71
581,-15,7BB8BD884D95DBBD6135934F7D8F6851,27/03/2020 13:56:49,-70
582,-15,7BB8BD884D95DBBD6135934F7D8F6851,27/03/2020 13:57:02,-68
583,-15,7BB8BD884D95DBBD6135934F7D8F6851,27/03/2020 13:57:31,-66
584,-15,7BB8BD884D95DBBD6135934F7D8F6851,27/03/2020 13:57:50,-69
585,-15,7BB8BD884D95DBBD6135934F7D8F6851,27/03/2020 13:58:03,-67
586,-15,7BB8BD884D95DBBD6135934F7D8F6851,27/03/2020 13:58:07,-66
587,-15,7BB8BD884D95DBBD6135934F7D8F6851,27/03/2020 13:58:19,-66
588,-15,7BB8BD884D95DBBD6135934F7D8F6851,27/03/2020 13:58:31,-64
589,-15,7BB8BD884D95DBBD6135934F7D8F6851,27/03/2020 13:58:40,-65
590,-15,7BB8BD884D95DBBD6135934F7D8F6851,27/03/2020 13:58:56,-72
591,-15,7BB8BD884D95DBBD6135934F7D8F6851,27/03/2020 13:58:56,-75
592,-15,7BB8BD884D95DBBD6135934F7D8F6851,27/03/2020 13:59:04,-68
593,-15,7BB8BD884D95DBBD6135934F7D8F6851,27/03/2020 13:59:05,-67
594,-15,7BB8BD884D95DBBD6135934F7D8F6851,27/03/2020 13:59:09,-63
595,-15,7BB8BD884D95DBBD6135934F7D8F6851,27/03/2020 13:59:16,-69
596,-15,7BB8BD884D95DBBD6135934F7D8F6851,27/03/2020 13:59:17,-68
597,-15,7BB8BD884D95DBBD6135934F7D8F6851,27/03/2020 13:59:21,-69
598,-15,7BB8BD884D95DBBD6135934F7D8F6851,27/03/2020 13:59:29,-73
599,-15,7BB8BD884D95DBBD6135934F7D8F6851,27/03/2020 13:59:30,-72
600,-15,7BB8BD884D95DBBD6135934F7D8F6851,27/03/2020 13:59:33,-72
601,-15,7BB8BD884D95DBBD6135934F7D8F6851,27/03/2020 13:59:33,-71
602,-15,7BB8BD884D95DBBD6135934F7D8F6851,27/03/2020 13:59:45,-73
603,-15,7BB8BD884D95DBBD6135934F7D8F6851,27/03/2020 13:59:49,-71
604,-15,7BB8BD884D95DBBD6135934F7D8F6851,27/03/2020 13:59:50,-73
605,-15,7BB8BD884D95DBBD6135934F7D8F6851,27/03/2020 13:59:53,-69
606,-15,7BB8BD884D95DBBD6135934F7D8F6851,27/03/2020 13:59:54,-70
607,-15,7BB8BD884D95DBBD6135934F7D8F6851,27/03/2020 13:59:57,-71
608,-15,7BB8BD884D95DBBD6135934F7D8F6851,27/03/2020 14:00:06,-82
609,-15,7BB8BD884D95DBBD6135934F7D8F6851,27/03/2020 14:00:06,-77
610,-15,7BB8BD884D95DBBD6135934F7D8F6851,27/03/2020 14:00:06,-69
611,-15,7BB8BD884D95DBBD6135934F7D8F6851,27/03/2020 14:01:00,-99
612,-15,7BB8BD884D95DBBD6135934F7D8F6851,27/03/2020 14:01:30,-100
613,-15,7BB8BD884D95DBBD6135934F7D8F6851,27/03/2020 14:01:40,-95
614,-15,7BB8BD884D95DBBD6135934F7D8F6851,27/03/2020 14:02:02,-83
615,-15,7BB8BD884D95DBBD6135934F7D8F6851,27/03/2020 14:03:03,-52
616,-15,7BB8BD884D95DBBD6135934F7D8F6851,27/03/2020 14:07:01,-72
617,-15,7BB8BD884D95DBBD6135934F7D8F6851,27/03/2020 14:07:01,-71
618,-15,7BB8BD884D95DBBD6135934F7D8F6851,27/03/2020 14:07:01,-68
619,-15,7BB8BD884D95DBBD6135934F7D8F6851,27/03/2020 14:07:26,-46
620,-15,7BB8BD884D95DBBD6135934F7D8F6851,27/03/2020 14:09:11,-46
621,-15,7BB8BD884D95DBBD6135934F7D8F6851,27/03/2020 14:09:12,-46
622,-15,7BB8BD884D95DBBD6135934F7D8F6851,27/03/2020 14:09:32,-46
623,-15,7BB8BD884D95DBBD6135934F7D8F6851,27/03/2020 14:10:13,-46
624,-15,7BB8BD884D95DBBD6135934F7D8F6851,27/03/2020 14:10:13,-46
625,-15,7BB8BD884D95DBBD6135934F7D8F6851,27/03/2020 14:12:51,-46
626,-15,7BB8BD884D95DBBD6135934F7D8F6851,27/03/2020 14:16:06,-99
627,-15,7BB8BD884D95DBBD6135934F7D8F6851,27/03/2020 14:52:43,-87
628,-15,7BB8BD884D95DBBD6135934F7D8F6851,27/03/2020 14:54:15,-78
629,-15,7BB8BD884D95DBBD6135934F7D8F6851,27/03/2020 14:54:27,-73
630,-15,7BB8BD884D95DBBD6135934F7D8F6851,27/03/2020 14:55:28,-77
631,-15,7BB8BD884D95DBBD6135934F7D8F6851,27/03/2020 14:55:28,-77
632,-15,7BB8BD884D95DBBD6135934F7D8F6851,27/03/2020 14:56:04,-80
633,-15,7BB8BD884D95DBBD6135934F7D8F6851,27/03/2020 14:57:41,-85
634,-15,7BB8BD884D95DBBD6135934F7D8F6851,27/03/2020 14:57:41,-80
635,-15,7BB8BD884D95DBBD6135934F7D8F6851,27/03/2020 14:57:42,-76
636,-15,7BB8BD884D95DBBD6135934F7D8F6851,27/03/2020 14:57:43,-84
637,-15,7BB8BD884D95DBBD6135934F7D8F6851,27/03/2020 14:57:48,-77
638,-15,7BB8BD884D95DBBD6135934F7D8F6851,27/03/2020 14:57:48,-78
639,-15,7BB8BD884D95DBBD6135934F7D8F6851,27/03/2020 14:57:48,-78
640,-15,7BB8BD884D95DBBD6135934F7D8F6851,27/03/2020 14:58:24,-87
641,-15,7BB8BD884D95DBBD6135E74C06461212,27/03/2020 13:44:00,-66
642,-15,7BB8BD884D95DBBD6135E74C06461212,27/03/2020 13:44:09,-70
643,-15,7BB8BD884D95DBBD6135E74C06461212,27/03/2020 13:44:22,-29
644,-15,7BB8BD884D95DBBD6135E74C06461212,27/03/2020 13:44:25,-29
645,-15,7BB8BD884D95DBBD6135E74C06461212,27/03/2020 13:44:26,-32
646,-15,7BB8BD884D95DBBD6135E74C06461212,27/03/2020 13:44:27,-35
647,-15,7BB8BD884D95DBBD6135E74C06461212,27/03/2020 13:44:34,-30
648,-15,7BB8BD884D95DBBD6135E74C06461212,27/03/2020 13:44:41,-32
649,-15,7BB8BD884D95DBBD6135E74C06461212,27/03/2020 13:44:44,-35
650,-15,7BB8BD884D95DBBD6135E74C06461212,27/03/2020 13:44:50,-30
651,-15,7BB8BD884D95DBBD6135E74C06461212,27/03/2020 13:45:03,-39
652,-15,7BB8BD884D95DBBD6135E74C06461212,27/03/2020 13:45:07,-36
653,-15,7BB8BD884D95DBBD6135E74C06461212,27/03/2020 13:45:12,-38
654,-15,7BB8BD884D95DBBD6135E74C06461212,27/03/2020 13:45:13,-36
655,-15,7BB8BD884D95DBBD6135E74C06461212,27/03/2020 13:45:21,-38
656,-15,7BB8BD884D95DBBD6135E74C06461212,27/03/2020 13:45:34,-71
657,-15,7BB8BD884D95DBBD6135E74C06461212,27/03/2020 13:45:35,-63
658,-15,7BB8BD884D95DBBD6135E74C06461212,27/03/2020 13:45:36,-61
659,-15,7BB8BD884D95DBBD6135E74C06461212,27/03/2020 13:45:37,-63
660,-15,7BB8BD884D95DBBD6135E74C06461212,27/03/2020 13:45:38,-67
661,-15,7BB8BD884D95DBBD6135E74C06461212,27/03/2020 13:45:40,-66
662,-15,7BB8BD884D95DBBD6135E74C06461212,27/03/2020 13:45:46,-51
663,-15,7BB8BD884D95DBBD6135E74C06461212,27/03/2020 13:45:53,-47
664,-15,7BB8BD884D95DBBD6135E74C06461212,27/03/2020 13:45:54,-50
665,-15,7BB8BD884D95DBBD6135E74C06461212,27/03/2020 13:46:03,-47
666,-15,7BB8BD884D95DBBD6135E74C06461212,27/03/2020 13:46:07,-46
667,-15,7BB8BD884D95DBBD6135E74C06461212,27/03/2020 13:46:08,-50
668,-15,7BB8BD884D95DBBD6135E74C06461212,27/03/2020 13:46:09,-48
669,-15,7BB8BD884D95DBBD6135E74C06461212,27/03/2020 13:46:16,-50
670,-15,7BB8BD884D95DBBD6135E74C06461212,27/03/2020 13:46:17,-50
671,-15,7BB8BD884D95DBBD6135E74C06461212,27/03/2020 13:46:18,-51
672,-15,7BB8BD884D95DBBD6135E74C06461212,27/03/2020 13:46:35,-52
673,-15,7BB8BD884D95DBBD6135E74C06461212,27/03/2020 13:46:36,-47
674,-15,7BB8BD884D95DBBD6135E74C06461212,27/03/2020 13:46:37,-51
675,-15,7BB8BD884D95DBBD6135E74C06461212,27/03/2020 13:46:38,-47
676,-15,7BB8BD884D95DBBD6135E74C06461212,27/03/2020 13:46:45,-47
677,-15,7BB8BD884D95DBBD6135E74C06461212,27/03/2020 13:46:46,-47
678,-15,7BB8BD884D95DBBD6135E74C06461212,27/03/2020 13:46:47,-47
679,-15,7BB8BD884D95DBBD6135E74C06461212,27/03/2020 13:46:55,-57
680,-15,7BB8BD884D95DBBD6135E74C06461212,27/03/2020 13:47:05,-50
681,-15,7BB8BD884D95DBBD6135E74C06461212,27/03/2020 13:47:08,-46
682,-15,7BB8BD884D95DBBD6135E74C06461212,27/03/2020 13:47:15,-50
683,-15,7BB8BD884D95DBBD6135E74C06461212,27/03/2020 13:47:19,-46
684,-15,7BB8BD884D95DBBD6135E74C06461212,27/03/2020 13:47:30,-48
685,-15,7BB8BD884D95DBBD6135E74C06461212,27/03/2020 13:47:31,-47
686,-15,7BB8BD884D95DBBD6135E74C06461212,27/03/2020 13:47:37,-46
687,-15,7BB8BD884D95DBBD6135E74C06461212,27/03/2020 13:47:38,-48
688,-15,7BB8BD884D95DBBD6135E74C06461212,27/03/2020 13:47:43,-48
689,-15,7BB8BD884D95DBBD6135E74C06461212,27/03/2020 13:47:44,-47
690,-15,7BB8BD884D95DBBD6135E74C06461212,27/03/2020 13:47:50,-47
691,-15,7BB8BD884D95DBBD6135E74C06461212,27/03/2020 13:47:51,-47
692,-15,7BB8BD884D95DBBD6135E74C06461212,27/03/2020 13:48:01,-47
693,-15,7BB8BD884D95DBBD6135E74C06461212,27/03/2020 13:48:04,-47
694,-15,7BB8BD884D95DBBD6135E74C06461212,27/03/2020 13:48:09,-50
695,-15,7BB8BD884D95DBBD6135E74C06461212,27/03/2020 13:48:19,-47
696,-15,7BB8BD884D95DBBD6135E74C06461212,27/03/2020 13:48:20,-47
697,-15,7BB8BD884D95DBBD6135E74C06461212,27/03/2020 13:48:28,-47
698,-15,7BB8BD884D95DBBD6135E74C06461212,27/03/2020 13:48:29,-50
699,-15,7BB8BD884D95DBBD6135E74C06461212,27/03/2020 13:48:30,-46
700,-15,7BB8BD884D95DBBD6135E74C06461212,27/03/2020 13:48:44,-44
701,-15,7BB8BD884D95DBBD6135E74C06461212,27/03/2020 13:48:47,-44
702,-15,7BB8BD884D95DBBD6135E74C06461212,27/03/2020 13:49:00,-49
703,-15,7BB8BD884D95DBBD6135E74C06461212,27/03/2020 13:49:09,-49
704,-15,7BB8BD884D95DBBD6135E74C06461212,27/03/2020 13:49:19,-47
705,-15,7BB8BD884D95DBBD6135E74C06461212,27/03/2020 13:49:23,-76
706,-15,7BB8BD884D95DBBD6135E74C06461212,27/03/2020 13:49:24,-73
707,-15,7BB8BD884D95DBBD6135E74C06461212,27/03/2020 13:49:25,-71
708,-15,7BB8BD884D95DBBD6135E74C06461212,27/03/2020 13:49:26,-64
709,-15,7BB8BD884D95DBBD6135E74C06461212,27/03/2020 13:49:27,-73
710,-15,7BB8BD884D95DBBD6135E74C06461212,27/03/2020 13:49:27,-75
711,-15,7BB8BD884D95DBBD6135E74C06461212,27/03/2020 13:49:35,-75
712,-15,7BB8BD884D95DBBD6135E74C06461212,27/03/2020 13:49:36,-66
713,-15,7BB8BD884D95DBBD6135E74C06461212,27/03/2020 13:49:39,-64
714,-15,7BB8BD884D95DBBD6135E74C06461212,27/03/2020 13:49:46,-68
715,-15,7BB8BD884D95DBBD6135E74C06461212,27/03/2020 13:50:02,-73
716,-15,7BB8BD884D95DBBD6135E74C06461212,27/03/2020 13:50:03,-72
717,-15,7BB8BD884D95DBBD6135E74C06461212,27/03/2020 13:50:04,-70
718,-15,7BB8BD884D95DBBD6135E74C06461212,27/03/2020 13:50:06,-78
719,-15,7BB8BD884D95DBBD6135E74C06461212,27/03/2020 13:50:14,-66
720,-15,7BB8BD884D95DBBD6135E74C06461212,27/03/2020 13:50:16,-65
721,-15,7BB8BD884D95DBBD6135E74C06461212,27/03/2020 13:50:22,-73
722,-15,7BB8BD884D95DBBD6135E74C06461212,27/03/2020 13:52:45,-61
723,-15,7BB8BD884D95DBBD6135E74C06461212,27/03/2020 13:52:45,-64
724,-15,7BB8BD884D95DBBD6135E74C06461212,27/03/2020 13:52:46,-60
725,-15,7BB8BD884D95DBBD6135E74C06461212,27/03/2020 13:52:46,-70
726,-15,7BB8BD884D95DBBD6135E74C06461212,27/03/2020 13:52:46,-65
727,-15,7BB8BD884D95DBBD6135E74C06461212,27/03/2020 13:52:47,-63
728,-15,7BB8BD884D95DBBD6135E74C06461212,27/03/2020 13:52:47,-62
729,-15,7BB8BD884D95DBBD6135E74C06461212,27/03/2020 13:52:47,-62
730,-15,7BB8BD884D95DBBD6135E74C06461212,27/03/2020 13:52:50,-60
731,-15,7BB8BD884D95DBBD6135E74C06461212,27/03/2020 13:52:50,-72
732,-15,7BB8BD884D95DBBD6135E74C06461212,27/03/2020 13:52:50,-63
733,-15,7BB8BD884D95DBBD6135E74C06461212,27/03/2020 13:52:54,-67
734,-15,7BB8BD884D95DBBD6135E74C06461212,27/03/2020 13:53:04,-54
735,-15,7BB8BD884D95DBBD6135E74C06461212,27/03/2020 13:53:05,-57
736,-15,7BB8BD884D95DBBD6135E74C06461212,27/03/2020 13:53:08,-65
737,-15,7BB8BD884D95DBBD6135E74C06461212,27/03/2020 13:53:13,-63
738,-15,7BB8BD884D95DBBD6135E74C06461212,27/03/2020 13:53:25,-64
739,-15,7BB8BD884D95DBBD6135E74C06461212,27/03/2020 13:53:33,-62
740,-15,7BB8BD884D95DBBD6135E74C06461212,27/03/2020 13:53:34,-58
741,-15,7BB8BD884D95DBBD6135E74C06461212,27/03/2020 13:53:43,-60
742,-15,7BB8BD884D95DBBD6135E74C06461212,27/03/2020 13:53:44,-60
743,-15,7BB8BD884D95DBBD6135E74C06461212,27/03/2020 13:53:52,-56
744,-15,7BB8BD884D95DBBD6135E74C06461212,27/03/2020 13:53:53,-62
745,-15,7BB8BD884D95DBBD6135E74C06461212,27/03/2020 13:53:54,-64
746,-15,7BB8BD884D95DBBD6135E74C06461212,27/03/2020 13:54:00,-59
747,-15,7BB8BD884D95DBBD6135E74C06461212,27/03/2020 13:54:07,-55
748,-15,7BB8BD884D95DBBD6135E74C06461212,27/03/2020 13:54:08,-50
749,-15,7BB8BD884D95DBBD6135E74C06461212,27/03/2020 13:54:09,-55
750,-15,7BB8BD884D95DBBD6135E74C06461212,27/03/2020 13:54:10,-51
751,-15,7BB8BD884D95DBBD6135E74C06461212,27/03/2020 13:54:12,-50
752,-15,7BB8BD884D95DBBD6135E74C06461212,27/03/2020 13:54:17,-53
753,-15,7BB8BD884D95DBBD6135E74C06461212,27/03/2020 13:54:18,-60
754,-15,7BB8BD884D95DBBD6135E74C06461212,27/03/2020 13:54:19,-54
755,-15,7BB8BD884D95DBBD6135E74C06461212,27/03/2020 13:54:20,-59
756,-15,7BB8BD884D95DBBD6135E74C06461212,27/03/2020 13:54:27,-51
757,-15,7BB8BD884D95DBBD6135E74C06461212,27/03/2020 13:54:29,-53
758,-15,7BB8BD884D95DBBD6135E74C06461212,27/03/2020 13:54:30,-57
759,-15,7BB8BD884D95DBBD6135E74C06461212,27/03/2020 13:54:32,-52
760,-15,7BB8BD884D95DBBD6135E74C06461212,27/03/2020 13:54:37,-55
761,-15,7BB8BD884D95DBBD6135E74C06461212,27/03/2020 13:54:38,-50
762,-15,7BB8BD884D95DBBD6135E74C06461212,27/03/2020 13:54:45,-49
763,-15,7BB8BD884D95DBBD6135E74C06461212,27/03/2020 13:54:52,-57
764,-15,7BB8BD884D95DBBD6135E74C06461212,27/03/2020 13:54:58,-55
765,-15,7BB8BD884D95DBBD6135E74C06461212,27/03/2020 13:54:59,-59
766,-15,7BB8BD884D95DBBD6135E74C06461212,27/03/2020 13:55:01,-58
767,-15,7BB8BD884D95DBBD6135E74C06461212,27/03/2020 13:55:06,-55
768,-15,7BB8BD884D95DBBD6135E74C06461212,27/03/2020 13:55:11,-61
769,-15,7BB8BD884D95DBBD6135E74C06461212,27/03/2020 13:55:12,-53
770,-15,7BB8BD884D95DBBD6135E74C06461212,27/03/2020 13:55:33,-57
771,-15,7BB8BD884D95DBBD6135E74C06461212,27/03/2020 13:55:34,-62
772,-15,7BB8BD884D95DBBD6135E74C06461212,27/03/2020 13:55:35,-62
773,-15,7BB8BD884D95DBBD6135E74C06461212,27/03/2020 13:55:41,-55
774,-15,7BB8BD884D95DBBD6135E74C06461212,27/03/2020 13:55:42,-58
775,-15,7BB8BD884D95DBBD6135E74C06461212,27/03/2020 13:55:48,-57
776,-15,7BB8BD884D95DBBD6135E74C06461212,27/03/2020 13:55:49,-59
777,-15,7BB8BD884D95DBBD6135E74C06461212,27/03/2020 13:55:54,-57
778,-15,7BB8BD884D95DBBD6135E74C06461212,27/03/2020 13:55:55,-53
779,-15,7BB8BD884D95DBBD6135E74C06461212,27/03/2020 13:55:59,-59
780,-15,7BB8BD884D95DBBD6135E74C06461212,27/03/2020 13:56:04,-54
781,-15,7BB8BD884D95DBBD6135E74C06461212,27/03/2020 13:56:05,-63
782,-15,7BB8BD884D95DBBD6135E74C06461212,27/03/2020 13:56:09,-56
783,-15,7BB8BD884D95DBBD6135E74C06461212,27/03/2020 13:56:14,-61
784,-15,7BB8BD884D95DBBD6135E74C06461212,27/03/2020 13:58:51,-57
785,-15,7BB8BD884D95DBBD6135E74C06461212,27/03/2020 13:58:52,-67
786,-15,7BB8BD884D95DBBD6135E74C06461212,27/03/2020 13:58:52,-75
787,-15,7BB8BD884D95DBBD6135E74C06461212,27/03/2020 13:58:53,-68
788,-15,7BB8BD884D95DBBD6135E74C06461212,27/03/2020 13:58:53,-67
789,-15,7BB8BD884D95DBBD6135E74C06461212,27/03/2020 13:58:53,-75
790,-15,7BB8BD884D95DBBD6135E74C06461212,27/03/2020 13:58:54,-69
791,-15,7BB8BD884D95DBBD6135E74C06461212,27/03/2020 13:58:54,-73
792,-15,7BB8BD884D95DBBD6135E74C06461212,27/03/2020 13:58:55,-73
793,-15,7BB8BD884D95DBBD6135E74C06461212,27/03/2020 13:58:55,-72
794,-15,7BB8BD884D95DBBD6135E74C06461212,27/03/2020 13:58:57,-75
795,-15,7BB8BD884D95DBBD6135E74C06461212,27/03/2020 13:59:04,-64
796,-15,7BB8BD884D95DBBD6135E74C06461212,27/03/2020 13:59:06,-67
797,-15,7BB8BD884D95DBBD6135E74C06461212,27/03/2020 13:59:15,-64
798,-15,7BB8BD884D95DBBD6135E74C06461212,27/03/2020 13:59:17,-60
799,-15,7BB8BD884D95DBBD6135E74C06461212,27/03/2020 13:59:19,-68
800,-15,7BB8BD884D95DBBD6135E74C06461212,27/03/2020 13:59:20,-63
801,-15,7BB8BD884D95DBBD6135E74C06461212,27/03/2020 13:59:24,-68
802,-15,7BB8BD884D95DBBD6135E74C06461212,27/03/2020 13:59:31,-67
803,-15,7BB8BD884D95DBBD6135E74C06461212,27/03/2020 13:59:32,-68
804,-15,7BB8BD884D95DBBD6135E74C06461212,27/03/2020 13:59:48,-66
805,-15,7BB8BD884D95DBBD6135E74C06461212,27/03/2020 13:59:54,-67
806,-15,7BB8BD884D95DBBD6135E74C06461212,27/03/2020 14:00:04,-61
807,-15,7BB8BD884D95DBBD6135E74C06461212,27/03/2020 14:00:14,-34
808,-15,7BB8BD884D95DBBD6135E74C06461212,27/03/2020 14:00:15,-30
809,-15,7BB8BD884D95DBBD6135E74C06461212,27/03/2020 14:00:18,-34
810,-15,7BB8BD884D95DBBD6135E74C06461212,27/03/2020 14:00:19,-30
811,-15,7BB8BD884D95DBBD6135E74C06461212,27/03/2020 14:00:20,-30
812,-15,7BB8BD884D95DBBD6135E74C06461212,27/03/2020 14:00:24,-34
813,-15,7BB8BD884D95DBBD6135E74C06461212,27/03/2020 14:00:34,-34
814,-15,7BB8BD884D95DBBD6135E74C06461212,27/03/2020 14:00:35,-32
815,-15,7BB8BD884D95DBBD6135E74C06461212,27/03/2020 14:00:41,-72
816,-15,7BB8BD884D95DBBD6135E74C06461212,27/03/2020 14:00:42,-80
817,-15,7BB8BD884D95DBBD6135E74C06461212,27/03/2020 14:00:47,-93
818,-15,7BB8BD884D95DBBD6135E74C06461212,27/03/2020 14:00:49,-84
819,-15,7BB8BD884D95DBBD6135E74C06461212,27/03/2020 14:00:57,-86
820,-15,7BB8BD884D95DBBD6135E74C06461212,27/03/2020 14:00:59,-92
821,-15,7BB8BD884D95DBBD6135E74C06461212,27/03/2020 14:01:01,-93
822,-15,7BB8BD884D95DBBD6135E74C06461212,27/03/2020 14:01:07,-85
823,-15,7BB8BD884D95DBBD6135E74C06461212,27/03/2020 14:01:14,-90
824,-15,7BB8BD884D95DBBD6135E74C06461212,27/03/2020 14:01:21,-86
825,-15,7BB8BD884D95DBBD6135E74C06461212,27/03/2020 14:01:31,-92
826,-15,7BB8BD884D95DBBD6135E74C06461212,27/03/2020 14:01:33,-81
827,-15,7BB8BD884D95DBBD6135E74C06461212,27/03/2020 14:01:42,-84
828,-15,7BB8BD884D95DBBD6135E74C06461212,27/03/2020 14:01:47,-85
829,-15,7BB8BD884D95DBBD6135E74C06461212,27/03/2020 14:01:48,-78
830,-15,7BB8BD884D95DBBD6135E74C06461212,27/03/2020 14:01:54,-76
831,-15,7BB8BD884D95DBBD6135E74C06461212,27/03/2020 14:01:55,-78
832,-15,7BB8BD884D95DBBD6135E74C06461212,27/03/2020 14:02:00,-76
833,-15,7BB8BD884D95DBBD6135E74C06461212,27/03/2020 14:02:01,-78
834,-15,7BB8BD884D95DBBD6135E74C06461212,27/03/2020 14:12:58,-68
835,-15,7BB8BD884D95DBBD6135E74C06461212,27/03/2020 14:12:59,-68
836,-15,7BB8BD884D95DBBD6135E74C06461212,27/03/2020 14:12:59,-68
837,-15,7BB8BD884D95DBBD6135E74C06461212,27/03/2020 14:12:59,-81
838,-15,7BB8BD884D95DBBD6135E74C06461212,27/03/2020 14:13:00,-75
839,-15,7BB8BD884D95DBBD6135E74C06461212,27/03/2020 14:13:00,-90
840,-15,7BB8BD884D95DBBD6135E74C06461212,27/03/2020 14:13:01,-79
841,-15,7BB8BD884D95DBBD6135E74C06461212,27/03/2020 14:13:01,-82
842,-15,7BB8BD884D95DBBD6135E74C06461212,27/03/2020 14:13:02,-95
843,-15,7BB8BD884D95DBBD6135E74C06461212,27/03/2020 14:13:03,-94
844,-15,7BB8BD884D95DBBD6135E74C06461212,27/03/2020 14:13:03,-92
845,-15,7BB8BD884D95DBBD6135E74C06461212,27/03/2020 14:13:05,-94
846,-15,7BB8BD884D95DBBD6135E74C06461212,27/03/2020 14:13:11,-97
847,-15,7BB8BD884D95DBBD6135E74C06461212,27/03/2020 14:13:12,-98
848,-15,7BB8BD884D95DBBD6135E74C06461212,27/03/2020 14:13:13,-94
849,-15,7BB8BD884D95DBBD6135E74C06461212,27/03/2020 14:13:13,-96
850,-15,7BB8BD884D95DBBD6135E74C06461212,27/03/2020 14:13:13,-96
851,-15,7BB8BD884D95DBBD6135E74C06461212,27/03/2020 14:13:42,-100
852,-15,7BB8BD884D95DBBD6135E74C06461212,27/03/2020 14:16:38,-95
853,-15,7BB8BD884D95DBBD6135E74C06461212,27/03/2020 14:16:38,-95
854,-15,7BB8BD884D95DBBD6135E74C06461212,27/03/2020 14:16:39,-96
855,-15,7BB8BD884D95DBBD6135E74C06461212,27/03/2020 14:16:40,-95
856,-15,7BB8BD884D95DBBD6135E74C06461212,27/03/2020 14:16:42,-96
857,-15,7BB8BD884D95DBBD6135E74C06461212,27/03/2020 14:16:43,-100
858,-15,7BB8BD884D95DBBD6135E74C06461212,27/03/2020 14:16:44,-95
859,-15,7BB8BD884D95DBBD6135E74C06461212,27/03/2020 14:17:42,-98
860,-15,7BB8BD884D95DBBD6135E74C06461212,27/03/2020 14:17:53,-98
861,-15,7BB8BD884D95DBBD6135E74C06461212,27/03/2020 14:17:58,-100
862,-15,7BB8BD884D95DBBD6135E74C06461212,27/03/2020 14:23:42,-98
863,-15,7BB8BD884D95DBBD6135E74C06461212,27/03/2020 14:40:10,-74
864,-15,7BB8BD884D95DBBD6135E74C06461212,27/03/2020 14:40:14,-76
865,-15,7BB8BD884D95DBBD6135E74C06461212,27/03/2020 14:40:18,-72
866,-15,7BB8BD884D95DBBD6135E74C06461212,27/03/2020 14:40:19,-76
867,-15,7BB8BD884D95DBBD6135E74C06461212,27/03/2020 14:40:28,-76
868,-15,7BB8BD884D95DBBD6135E74C06461212,27/03/2020 14:40:29,-72
869,-15,7BB8BD884D95DBBD6135E74C06461212,27/03/2020 14:40:30,-76
870,-15,7BB8BD884D95DBBD6135E74C06461212,27/03/2020 14:40:32,-75
871,-15,7BB8BD884D95DBBD6135E74C06461212,27/03/2020 14:40:37,-75
872,-15,7BB8BD884D95DBBD6135E74C06461212,27/03/2020 14:40:38,-75
873,-15,7BB8BD884D95DBBD6135E74C06461212,27/03/2020 14:40:39,-74
874,-15,7BB8BD884D95DBBD6135E74C06461212,27/03/2020 14:40:46,-75
875,-15,7BB8BD884D95DBBD6135E74C06461212,27/03/2020 14:40:47,-76
876,-15,7BB8BD884D95DBBD6135E74C06461212,27/03/2020 14:40:48,-75
877,-15,7BB8BD884D95DBBD6135E74C06461212,27/03/2020 14:40:50,-72
878,-15,7BB8BD884D95DBBD6135E74C06461212,27/03/2020 14:40:52,-75
879,-15,7BB8BD884D95DBBD6135E74C06461212,27/03/2020 14:40:58,-72
880,-15,7BB8BD884D95DBBD6135E74C06461212,27/03/2020 14:41:04,-75
881,-15,7BB8BD884D95DBBD6135324DF783FF54,27/03/2020 13:23:53,-43
882,-15,7BB8BD884D95DBBD6135324DF783FF54,27/03/2020 13:23:57,-50
883,-15,7BB8BD884D95DBBD6135324DF783FF54,27/03/2020 13:24:03,-52
884,-15,7BB8BD884D95DBBD6135324DF783FF54,27/03/2020 13:24:08,-45
885,-15,7BB8BD884D95DBBD6135324DF783FF54,27/03/2020 13:24:21,-76
886,-15,7BB8BD884D95DBBD6135324DF783FF54,27/03/2020 13:24:28,-93
887,-15,7BB8BD884D95DBBD613572956BF9E7F8,27/03/2020 13:24:19,-65
888,-15,7BB8BD884D95DBBD613572956BF9E7F8,27/03/2020 13:24:27,-60
889,-15,7BB8BD884D95DBBD613572956BF9E7F8,27/03/2020 13:24:27,-61
890,-15,7BB8BD884D95DBBD613572956BF9E7F8,27/03/2020 13:24:30,-57
891,-15,7BB8BD884D95DBBD613572956BF9E7F8,27/03/2020 13:24:31,-57
892,-15,7BB8BD884D95DBBD613572956BF9E7F8,27/03/2020 13:24:31,-57
893,-15,7BB8BD884D95DBBD613572956BF9E7F8,27/03/2020 13:24:35,-56
894,-15,7BB8BD884D95DBBD613572956BF9E7F8,27/03/2020 13:24:39,-77
895,-15,7BB8BD884D95DBBD613572956BF9E7F8,27/03/2020 13:24:39,-73
896,-15,7BB8BD884D95DBBD613572956BF9E7F8,27/03/2020 13:24:43,-53
897,-15,7BB8BD884D95DBBD613572956BF9E7F8,27/03/2020 13:24:43,-55
898,-15,7BB8BD884D95DBBD613572956BF9E7F8,27/03/2020 13:24:43,-53
899,-15,7BB8BD884D95DBBD613572956BF9E7F8,27/03/2020 13:24:47,-58
900,-15,7BB8BD884D95DBBD613572956BF9E7F8,27/03/2020 13:24:47,-58
901,-15,7BB8BD884D95DBBD613572956BF9E7F8,27/03/2020 13:24:48,-58
902,-15,7BB8BD884D95DBBD613572956BF9E7F8,27/03/2020 13:24:51,-59
903,-15,7BB8BD884D95DBBD613572956BF9E7F8,27/03/2020 13:25:03,-99
904,-15,7BB8BD884D95DBBD613572956BF9E7F8,27/03/2020 13:25:04,-99
905,-15,7BB8BD884D95DBBD613572956BF9E7F8,27/03/2020 13:25:04,-99
