Datetime,beaconid,edgenodeid,rssi,realx,realy,distance,isSameRoom
2018-10-16T18:46:51.500000Z,1,1,-81,8.333,8.355,11.6279488302968,0
2018-10-16T18:46:51.500000Z,1,11,-72,8.333,8.355,11.229471670564,0
2018-10-16T18:46:51.500000Z,1,8,-59,8.333,8.355,8.45565574039057,0
2018-10-16T18:46:51.500000Z,1,9,-95,8.333,8.355,15.7463784407717,0
2018-10-16T18:46:51.500000Z,1,13,-81,8.333,8.355,7.36013002602536,0
2018-10-16T18:46:51.500000Z,1,2,-85,8.333,8.355,16.4932760238832,0
2018-10-16T18:46:51.500000Z,1,10,-75,8.333,8.355,9.11228807709677,0
2018-10-16T18:46:51.500000Z,1,12,-67.5,8.333,8.355,1.71056540360198,0
2018-10-16T18:46:51.500000Z,1,3,-88,8.333,8.355,16.8941692308323,0
2018-10-16T18:46:52.000000Z,1,8,-59,8.3394,8.6346,8.4190582323678,0
2018-10-16T18:46:52.000000Z,1,9,-78,8.3394,8.6346,15.8911272576869,0
2018-10-16T18:46:52.000000Z,1,12,-64,8.3394,8.6346,1.43636677767205,0
2018-10-16T18:46:52.000000Z,1,11,-72.5,8.3394,8.6346,11.4432253110738,0
2018-10-16T18:46:52.000000Z,1,3,-88,8.3394,8.6346,16.9150046266621,0
2018-10-16T18:46:52.000000Z,1,1,-81,8.3394,8.6346,11.6683217953569,0
2018-10-16T18:46:52.000000Z,1,10,-79,8.3394,8.6346,9.36683369768034,0
2018-10-16T18:46:52.000000Z,1,2,-101,8.3394,8.6346,16.4561085776681,0
2018-10-16T18:46:52.000000Z,1,13,-81,8.3394,8.6346,7.29529530039737,0
2018-10-16T18:46:52.500000Z,1,3,-85,8.3458,8.9142,16.9404322046399,0
2018-10-16T18:46:52.500000Z,1,1,-80,8.3458,8.9142,11.715233983152,0
2018-10-16T18:46:52.500000Z,1,8,-60.3333333333333,8.3458,8.9142,8.39162697455029,0
2018-10-16T18:46:52.500000Z,1,9,-85,8.3458,8.9142,16.0394467261187,0
2018-10-16T18:46:52.500000Z,1,13,-83.5,8.3458,8.9142,7.24068969643086,0
2018-10-16T18:46:52.500000Z,1,2,-101,8.3458,8.9142,16.4236201636545,0
2018-10-16T18:46:52.500000Z,1,10,-71.5,8.3458,8.9142,9.62277440658358,0
2018-10-16T18:46:52.500000Z,1,12,-66,8.3458,8.9142,1.16477434724499,0
2018-10-16T18:46:52.500000Z,1,11,-70.3333333333333,8.3458,8.9142,11.6597689205233,0
2018-10-16T18:46:53.000000Z,1,9,-84,8.3522,9.1938,16.1912387197521,0
2018-10-16T18:46:53.000000Z,1,2,-84.6666666666667,8.3522,9.1938,16.3958385964244,0
2018-10-16T18:46:53.000000Z,1,13,-76,8.3522,9.1938,7.19654606599583,0
2018-10-16T18:46:53.000000Z,1,10,-79.3333333333333,8.3522,9.1938,9.88000178542494,0
2018-10-16T18:46:53.000000Z,1,8,-58,8.3522,9.1938,8.37345205276772,0
2018-10-16T18:46:53.000000Z,1,3,-85.5,8.3522,9.1938,16.9704313227449,0
2018-10-16T18:46:53.000000Z,1,1,-76,8.3522,9.1938,11.7686071937167,0
2018-10-16T18:46:53.000000Z,1,11,-82,8.3522,9.1938,11.8789499232887,0
2018-10-16T18:46:53.000000Z,1,12,-73,8.3522,9.1938,0.898155487652333,0
2018-10-16T18:46:53.500000Z,1,11,-69.3333333333333,8.3586,9.4734,12.1006250053458,0
2018-10-16T18:46:53.500000Z,1,3,-85.5,8.3586,9.4734,17.0049777865189,0
2018-10-16T18:46:53.500000Z,1,9,-78,8.3586,9.4734,16.3464065017361,0
2018-10-16T18:46:53.500000Z,1,10,-78,8.3586,9.4734,10.1384179002446,0
2018-10-16T18:46:53.500000Z,1,12,-92,8.3586,9.4734,0.642729741026505,0
2018-10-16T18:46:53.500000Z,1,2,-86,8.3586,9.4734,16.3727878359185,0
2018-10-16T18:46:53.500000Z,1,1,-76,8.3586,9.4734,11.8283539649437,0
2018-10-16T18:46:53.500000Z,1,13,-79.6666666666667,8.3586,9.4734,7.1630578330766,0
2018-10-16T18:46:53.500000Z,1,8,-54,8.3586,9.4734,8.36459380484193,0
2018-10-16T18:46:54.000000Z,1,1,-76,7.91425,9.7335,12.3240235034059,0
2018-10-16T18:46:54.000000Z,1,3,-80,7.91425,9.7335,17.4851498510164,0
2018-10-16T18:46:54.000000Z,1,13,-71,7.91425,9.7335,7.591542353995,0
2018-10-16T18:46:54.000000Z,1,2,-86,7.91425,9.7335,16.8056410265274,0
2018-10-16T18:46:54.000000Z,1,10,-78,7.91425,9.7335,10.5446730775544,0
2018-10-16T18:46:54.000000Z,1,9,-84,7.91425,9.7335,16.8593266565572,0
2018-10-16T18:46:54.000000Z,1,11,-70,7.91425,9.7335,12.0385888007067,0
2018-10-16T18:46:54.000000Z,1,8,-59,7.91425,9.7335,7.91445167478455,0
2018-10-16T18:46:54.000000Z,1,12,-62,7.91425,9.7335,0.821148776105767,0
2018-10-16T18:46:54.500000Z,1,12,-69.6666666666667,7.4635,9.714,1.25687240800329,0
2018-10-16T18:46:54.500000Z,1,13,-71,7.4635,9.714,8.042710255256,0
2018-10-16T18:46:54.500000Z,1,9,-85,7.4635,9.714,17.2183236190403,0
2018-10-16T18:46:54.500000Z,1,10,-82.5,7.4635,9.714,10.7084237051958,0
2018-10-16T18:46:54.500000Z,1,11,-66.5,7.4635,9.714,11.7628703236072,0
2018-10-16T18:46:54.500000Z,1,8,-59,7.4635,9.714,7.46388693979216,0
2018-10-16T18:46:54.500000Z,1,1,-87,7.4635,9.714,12.7551553596967,0
2018-10-16T18:46:54.500000Z,1,2,-86,7.4635,9.714,17.2567951326427,0
2018-10-16T18:46:54.500000Z,1,3,-80,7.4635,9.714,17.9267567688637,0
2018-10-16T18:46:55.000000Z,1,11,-76,7.01275,9.6945,11.4982489020068,0
2018-10-16T18:46:55.000000Z,1,1,-87,7.01275,9.6945,13.1876280207056,0
2018-10-16T18:46:55.000000Z,1,13,-86,7.01275,9.6945,8.49387854943194,0
2018-10-16T18:46:55.000000Z,1,2,-86,7.01275,9.6945,17.7079501301675,0
2018-10-16T18:46:55.000000Z,1,8,-59,7.01275,9.6945,7.01340023187755,0
2018-10-16T18:46:55.000000Z,1,10,-82.5,7.01275,9.6945,10.8884185175121,0
2018-10-16T18:46:55.000000Z,1,9,-85,7.01275,9.6945,17.5815685538151,0
2018-10-16T18:46:55.000000Z,1,12,-71,7.01275,9.6945,1.70067128290566,0
2018-10-16T18:46:55.000000Z,1,3,-86,7.01275,9.6945,18.3688285639695,0
2018-10-16T18:46:55.500000Z,1,3,-98,6.33508333333333,9.75583333333333,19.0478700874417,0
2018-10-16T18:46:55.500000Z,1,8,-59,6.33508333333333,9.75583333333333,6.33517546729283,0
2018-10-16T18:46:55.500000Z,1,12,-60,6.33508333333333,9.75583333333333,2.36088998784827,0
2018-10-16T18:46:55.500000Z,1,11,-86,6.33508333333333,9.75583333333333,11.2018849545388,0
2018-10-16T18:46:55.500000Z,1,13,-86,6.33508333333333,9.75583333333333,9.16901657038832,0
2018-10-16T18:46:55.500000Z,1,2,-82,6.33508333333333,9.75583333333333,18.3832712867267,0
2018-10-16T18:46:55.500000Z,1,10,-74,6.33508333333333,9.75583333333333,11.2662580242091,0
2018-10-16T18:46:55.500000Z,1,9,-85,6.33508333333333,9.75583333333333,18.1835846723005,0
2018-10-16T18:46:55.500000Z,1,1,-87,6.33508333333333,9.75583333333333,13.8607483516604,0
2018-10-16T18:46:56.000000Z,1,11,-71,6.10816666666667,9.83666666666667,11.1632904858837,0
2018-10-16T18:46:56.000000Z,1,8,-57.5,6.10816666666667,9.83666666666667,6.10834493177617,0
2018-10-16T18:46:56.000000Z,1,10,-85.5,6.10816666666667,9.83666666666667,11.4508122479975,0
2018-10-16T18:46:56.000000Z,1,9,-92,6.10816666666667,9.83666666666667,18.4185234064032,0
2018-10-16T18:46:56.000000Z,1,1,-96,6.10816666666667,9.83666666666667,14.100232307976,0
2018-10-16T18:46:56.000000Z,1,12,-76,6.10816666666667,9.83666666666667,2.57908985346037,0
2018-10-16T18:46:56.000000Z,1,2,-84.5,6.10816666666667,9.83666666666667,18.6078544654013,0
2018-10-16T18:46:56.000000Z,1,13,-85,6.10816666666667,9.83666666666667,9.39382303106083,0
2018-10-16T18:46:56.000000Z,1,3,-98,6.10816666666667,9.83666666666667,19.2845153203001,0
2018-10-16T18:46:56.500000Z,1,2,-98,5.88125,9.9175,18.8328405401973,0
2018-10-16T18:46:56.500000Z,1,11,-71.6666666666667,5.88125,9.9175,11.1297768536705,0
2018-10-16T18:46:56.500000Z,1,1,-85,5.88125,9.9175,14.339763171423,0
2018-10-16T18:46:56.500000Z,1,13,-76.3333333333333,5.88125,9.9175,9.61940787223933,0
2018-10-16T18:46:56.500000Z,1,9,-85,5.88125,9.9175,18.6536138003471,0
2018-10-16T18:46:56.500000Z,1,12,-73.5,5.88125,9.9175,2.80101014144897,0
2018-10-16T18:46:56.500000Z,1,10,-79.3333333333333,5.88125,9.9175,11.6374259530405,0
2018-10-16T18:46:56.500000Z,1,8,-64.5,5.88125,9.9175,5.88263187803724,0
2018-10-16T18:46:56.500000Z,1,3,-85,5.88125,9.9175,19.5212642472894,0
2018-10-16T18:46:57.000000Z,1,12,-76.8,5.65433333333333,9.99833333333333,3.0258323740015,0
2018-10-16T18:46:57.000000Z,1,9,-87,5.65433333333333,9.99833333333333,18.8888501914636,0
2018-10-16T18:46:57.000000Z,1,2,-98,5.65433333333333,9.99833333333333,19.0582152423101,0
2018-10-16T18:46:57.000000Z,1,10,-85,5.65433333333333,9.99833333333333,11.8260016442113,0
2018-10-16T18:46:57.000000Z,1,8,-60,5.65433333333333,9.99833333333333,5.65817004182644,0
2018-10-16T18:46:57.000000Z,1,3,-85,5.65433333333333,9.99833333333333,19.7581131409072,0
2018-10-16T18:46:57.000000Z,1,13,-87.5,5.65433333333333,9.99833333333333,9.84571759136371,0
2018-10-16T18:46:57.000000Z,1,1,-81,5.65433333333333,9.99833333333333,14.5793386300233,0
2018-10-16T18:46:57.000000Z,1,11,-71,5.65433333333333,9.99833333333333,11.1013900731195,0
2018-10-16T18:46:57.500000Z,1,1,-86,5.42741666666667,10.0791666666667,14.8189565208909,0
2018-10-16T18:46:57.500000Z,1,11,-71,5.42741666666667,10.0791666666667,11.0781695555443,0
2018-10-16T18:46:57.500000Z,1,2,-93,5.42741666666667,10.0791666666667,19.2839649459006,0
2018-10-16T18:46:57.500000Z,1,13,-84.3333333333333,5.42741666666667,10.0791666666667,10.0727033296953,0
2018-10-16T18:46:57.500000Z,1,9,-87,5.42741666666667,10.0791666666667,19.1242271922655,0
2018-10-16T18:46:57.500000Z,1,10,-79.6666666666667,5.42741666666667,10.0791666666667,12.0164469527417,0
2018-10-16T18:46:57.500000Z,1,8,-58.5,5.42741666666667,10.0791666666667,5.43511444541164,0
2018-10-16T18:46:57.500000Z,1,3,-85,5.42741666666667,10.0791666666667,19.9950584487282,0
2018-10-16T18:46:57.500000Z,1,12,-78.6666666666667,5.42741666666667,10.0791666666667,3.25295491843783,0
2018-10-16T18:46:58.000000Z,1,12,-74.6666666666667,5.2005,10.16,3.48192766294764,0
2018-10-16T18:46:58.000000Z,1,3,-94,5.2005,10.16,20.2320967833292,0
2018-10-16T18:46:58.000000Z,1,11,-72,5.2005,10.16,11.060147840332,0
2018-10-16T18:46:58.000000Z,1,8,-65.5,5.2005,10.16,5.21364558154848,0
2018-10-16T18:46:58.000000Z,1,9,-83,5.2005,10.16,19.3597396741279,0
2018-10-16T18:46:58.000000Z,1,13,-84,5.2005,10.16,10.3003203955023,0
2018-10-16T18:46:58.000000Z,1,2,-84.5,5.2005,10.16,19.510076633627,0
2018-10-16T18:46:58.000000Z,1,1,-96,5.2005,10.16,15.0586148184353,0
2018-10-16T18:46:58.000000Z,1,10,-83.5,5.2005,10.16,12.2086743854523,0
2018-10-16T18:46:58.500000Z,1,9,-92,4.97358333333333,10.2408333333333,19.5953827521023,0
2018-10-16T18:46:58.500000Z,1,12,-69,4.97358333333333,10.2408333333333,3.71240827514821,0
2018-10-16T18:46:58.500000Z,1,2,-84.5,4.97358333333333,10.2408333333333,19.7365378642774,0
2018-10-16T18:46:58.500000Z,1,1,-96,4.97358333333333,10.2408333333333,15.2983116236636,0
2018-10-16T18:46:58.500000Z,1,11,-67,4.97358333333333,10.2408333333333,11.0473503701742,0
2018-10-16T18:46:58.500000Z,1,3,-99,4.97358333333333,10.2408333333333,20.469224912896,0
2018-10-16T18:46:58.500000Z,1,8,-78,4.97358333333333,10.2408333333333,4.99397455620827,0
2018-10-16T18:46:58.500000Z,1,10,-85,4.97358333333333,10.2408333333333,12.4026010793995,0
2018-10-16T18:46:58.500000Z,1,13,-78,4.97358333333333,10.2408333333333,10.5285278427101,0
2018-10-16T18:46:59.000000Z,1,11,-80,4.74666666666667,10.3216666666667,11.0397953131186,0
2018-10-16T18:46:59.000000Z,1,9,-91,4.74666666666667,10.3216666666667,19.8311517707761,0
2018-10-16T18:46:59.000000Z,1,10,-84,4.74666666666667,10.3216666666667,12.59814856327,0
2018-10-16T18:46:59.000000Z,1,3,-99,4.74666666666667,10.3216666666667,20.7064397524592,0
2018-10-16T18:46:59.000000Z,1,13,-91,4.74666666666667,10.3216666666667,10.7572880979465,0
2018-10-16T18:46:59.000000Z,1,1,-100,4.74666666666667,10.3216666666667,15.5380451544659,0
2018-10-16T18:46:59.000000Z,1,8,-65.5,4.74666666666667,10.3216666666667,4.77634943119627,0
2018-10-16T18:46:59.000000Z,1,2,-93,4.74666666666667,10.3216666666667,19.9633367423607,0
2018-10-16T18:46:59.000000Z,1,12,-67,4.74666666666667,10.3216666666667,3.9441324211486,0
2018-10-16T18:46:59.500000Z,1,2,-75,4.51975,10.4025,20.1904618895284,0
2018-10-16T18:46:59.500000Z,1,3,-99,4.51975,10.4025,20.9437383557115,0
2018-10-16T18:46:59.500000Z,1,12,-67,4.51975,10.4025,4.17689314113972,0
2018-10-16T18:46:59.500000Z,1,10,-84,4.51975,10.4025,12.7952425265213,0
2018-10-16T18:46:59.500000Z,1,1,-100,4.51975,10.4025,15.7778137367793,0
2018-10-16T18:46:59.500000Z,1,9,-86.5,4.51975,10.4025,20.0670422910926,0
2018-10-16T18:46:59.500000Z,1,13,-85,4.51975,10.4025,10.9865666298667,0
2018-10-16T18:46:59.500000Z,1,11,-76.6666666666667,4.51975,10.4025,11.0374934343129,0
2018-10-16T18:46:59.500000Z,1,8,-61.2,4.51975,10.4025,4.56106306824407,0
2018-10-16T18:47:00.000000Z,1,1,-85,4.29283333333333,10.4833333333333,16.0176157965396,0
2018-10-16T18:47:00.000000Z,1,12,-73,4.29283333333333,10.4833333333333,4.41052632598675,0
2018-10-16T18:47:00.000000Z,1,11,-72,4.29283333333333,10.4833333333333,11.0404480195426,0
2018-10-16T18:47:00.000000Z,1,3,-94,4.29283333333333,10.4833333333333,21.1811179073616,0
2018-10-16T18:47:00.000000Z,1,2,-77,4.29283333333333,10.4833333333333,20.4179024177041,0
2018-10-16T18:47:00.000000Z,1,13,-77,4.29283333333333,10.4833333333333,11.2163316554725,0
2018-10-16T18:47:00.000000Z,1,8,-58,4.29283333333333,10.4833333333333,4.34846284782208,0
2018-10-16T18:47:00.000000Z,1,9,-98,4.29283333333333,10.4833333333333,20.3030500780602,0
2018-10-16T18:47:00.000000Z,1,10,-84,4.29283333333333,10.4833333333333,12.9938125969846,0
2018-10-16T18:47:00.500000Z,1,12,-69.5,4.06591666666667,10.5641666666667,4.64490032559604,0
2018-10-16T18:47:00.500000Z,1,8,-63,4.06591666666667,10.5641666666667,4.138962716437,0
2018-10-16T18:47:00.500000Z,1,2,-87,4.06591666666667,10.5641666666667,20.6456479038091,0
2018-10-16T18:47:00.500000Z,1,1,-84,4.06591666666667,10.5641666666667,16.2574498523412,0
2018-10-16T18:47:00.500000Z,1,10,-75,4.06591666666667,10.5641666666667,13.1937921274131,0
2018-10-16T18:47:00.500000Z,1,3,-94,4.06591666666667,10.5641666666667,21.4185757159852,0
2018-10-16T18:47:00.500000Z,1,13,-80,4.06591666666667,10.5641666666667,11.4465538788488,0
2018-10-16T18:47:00.500000Z,1,9,-91.4,4.06591666666667,10.5641666666667,20.5391710892802,0
2018-10-16T18:47:00.500000Z,1,11,-78,4.06591666666667,10.5641666666667,11.0486548518235,0
2018-10-16T18:47:01.000000Z,1,8,-54.3333333333333,3.48325,10.66125,3.59055805203035,0
2018-10-16T18:47:01.000000Z,1,3,-83,3.48325,10.66125,22.0092507170281,0
2018-10-16T18:47:01.000000Z,1,12,-71,3.48325,10.66125,5.23494862677753,0
2018-10-16T18:47:01.000000Z,1,2,-87,3.48325,10.66125,21.2296559587055,0
2018-10-16T18:47:01.000000Z,1,1,-92,3.48325,10.66125,16.8461205363431,0
2018-10-16T18:47:01.000000Z,1,10,-77.5,3.48325,10.66125,13.6267082277783,0
2018-10-16T18:47:01.000000Z,1,13,-88.5,3.48325,10.66125,12.0333186247602,0
2018-10-16T18:47:01.000000Z,1,11,-71.3333333333333,3.48325,10.66125,10.9864456092496,0
2018-10-16T18:47:01.000000Z,1,9,-81,3.48325,10.66125,21.0899018993688,0
2018-10-16T18:47:01.500000Z,1,1,-92,3.1275,10.6775,17.1952264451504,0
2018-10-16T18:47:01.500000Z,1,13,-85,3.1275,10.6775,12.389431484132,0
2018-10-16T18:47:01.500000Z,1,11,-77,3.1275,10.6775,10.9218822782522,0
2018-10-16T18:47:01.500000Z,1,12,-85,3.1275,10.6775,5.59012634025386,0
2018-10-16T18:47:01.500000Z,1,8,-57,3.1275,10.6775,3.25098638877495,0
2018-10-16T18:47:01.500000Z,1,9,-81,3.1275,10.6775,21.405706306964,0
2018-10-16T18:47:01.500000Z,1,10,-77.5,3.1275,10.6775,13.8635786325177,0
2018-10-16T18:47:01.500000Z,1,3,-80,3.1275,10.6775,22.3624867244231,0
2018-10-16T18:47:01.500000Z,1,2,-77,3.1275,10.6775,21.5856286102583,0
2018-10-16T18:47:02.000000Z,1,1,-80,2.77175,10.69375,17.5446143338918,0
2018-10-16T18:47:02.000000Z,1,9,-80,2.77175,10.69375,21.7227578158253,0
2018-10-16T18:47:02.000000Z,1,8,-50,2.77175,10.69375,2.91536655071022,0
2018-10-16T18:47:02.000000Z,1,12,-68,2.77175,10.69375,5.94541690085733,0
2018-10-16T18:47:02.000000Z,1,10,-77,2.77175,10.69375,14.1054632013628,0
2018-10-16T18:47:02.000000Z,1,3,-85,2.77175,10.69375,22.7158128211385,0
2018-10-16T18:47:02.000000Z,1,11,-75.5,2.77175,10.69375,10.8686099444685,0
2018-10-16T18:47:02.000000Z,1,13,-75,2.77175,10.69375,12.7455447951431,0
2018-10-16T18:47:02.000000Z,1,2,-77,2.77175,10.69375,21.9416060744194,0
2018-10-16T18:47:02.500000Z,1,8,-47,2.0805,10.70225,2.271713078824,0
2018-10-16T18:47:02.500000Z,1,10,-77,2.0805,10.70225,14.5719032838027,0
2018-10-16T18:47:02.500000Z,1,2,-77,2.0805,10.70225,22.6328992909106,0
2018-10-16T18:47:02.500000Z,1,13,-75,2.0805,10.70225,13.4363276349046,0
2018-10-16T18:47:02.500000Z,1,11,-75.5,2.0805,10.70225,10.7750594110891,0
2018-10-16T18:47:02.500000Z,1,9,-80,2.0805,10.70225,22.3311118243696,0
2018-10-16T18:47:02.500000Z,1,12,-76,2.0805,10.70225,6.63365060223253,0
2018-10-16T18:47:02.500000Z,1,3,-85,2.0805,10.70225,23.3987852315564,0
2018-10-16T18:47:02.500000Z,1,1,-80,2.0805,10.70225,18.2189747327477,0
2018-10-16T18:47:03.000000Z,1,13,-75,1.745,10.6945,13.7710415455767,0
2018-10-16T18:47:03.000000Z,1,11,-79,1.745,10.6945,10.733571411697,0
2018-10-16T18:47:03.000000Z,1,3,-83,1.745,10.6945,23.7285146026885,0
2018-10-16T18:47:03.000000Z,1,8,-48.5,1.745,10.6945,1.96548855249783,0
2018-10-16T18:47:03.000000Z,1,1,-80,1.745,10.6945,18.544069274299,0
2018-10-16T18:47:03.000000Z,1,10,-73,1.745,10.6945,14.7960452570949,0
2018-10-16T18:47:03.000000Z,1,12,-72,1.745,10.6945,6.96676289606586,0
2018-10-16T18:47:03.000000Z,1,2,-77,1.745,10.6945,22.9682185911315,0
2018-10-16T18:47:03.000000Z,1,9,-80,1.745,10.6945,22.6224789810931,0
2018-10-16T18:47:03.500000Z,1,11,-67.5,1.4095,10.68675,10.7024504583063,0
2018-10-16T18:47:03.500000Z,1,9,-80,1.4095,10.68675,22.9150560944655,0
2018-10-16T18:47:03.500000Z,1,10,-79,1.4095,10.68675,15.0243397795877,0
2018-10-16T18:47:03.500000Z,1,8,-54.6666666666667,1.4095,10.68675,1.6705839734955,0
2018-10-16T18:47:03.500000Z,1,3,-83,1.4095,10.68675,24.0584060322479,0
2018-10-16T18:47:03.500000Z,1,1,-80,1.4095,10.68675,18.8695312822682,0
2018-10-16T18:47:03.500000Z,1,2,-77,1.4095,10.68675,23.3035456704017,0
2018-10-16T18:47:03.500000Z,1,13,-75,1.4095,10.68675,14.105797064062,0
2018-10-16T18:47:03.500000Z,1,12,-78,1.4095,10.68675,7.30010210973107,0
2018-10-16T18:47:04.000000Z,1,12,-61,0.9838,10.31,7.70129173840337,0
2018-10-16T18:47:04.000000Z,1,2,-77,0.9838,10.31,23.7262,0
2018-10-16T18:47:04.000000Z,1,13,-72,0.9838,10.31,14.5189001801101,0
2018-10-16T18:47:04.000000Z,1,3,-97,0.9838,10.31,24.4225356267526,0
2018-10-16T18:47:04.000000Z,1,1,-80,0.9838,10.31,19.2078117035752,0
2018-10-16T18:47:04.000000Z,1,8,-42,0.9838,10.31,1.11277241159188,0
2018-10-16T18:47:04.000000Z,1,9,-80,0.9838,10.31,23.1220413121333,0
2018-10-16T18:47:04.000000Z,1,11,-72,0.9838,10.31,10.3111470962255,0
2018-10-16T18:47:04.000000Z,1,10,-73.5,0.9838,10.31,15.0662765950981,0
2018-10-16T18:47:04.500000Z,1,1,-91.5,0.8936,9.941,19.2277793299174,0
2018-10-16T18:47:04.500000Z,1,8,-42,0.8936,9.941,0.906268150163074,0
2018-10-16T18:47:04.500000Z,1,13,-72,0.8936,9.941,14.6066711457471,0
2018-10-16T18:47:04.500000Z,1,2,-86,0.8936,9.941,23.8192583839212,0
2018-10-16T18:47:04.500000Z,1,11,-65,0.8936,9.941,9.94120344626344,0
2018-10-16T18:47:04.500000Z,1,9,-80,0.8936,9.941,23.0412218851345,0
2018-10-16T18:47:04.500000Z,1,10,-73.5,0.8936,9.941,14.8832159817695,0
2018-10-16T18:47:04.500000Z,1,3,-82,0.8936,9.941,24.462470234218,0
2018-10-16T18:47:04.500000Z,1,12,-82,0.8936,9.941,7.78690862666309,0
2018-10-16T18:47:05.000000Z,1,10,-73.5,0.8034,9.572,14.7076898104359,0
2018-10-16T18:47:05.000000Z,1,8,-58,0.8034,9.572,0.832451536126879,0
2018-10-16T18:47:05.000000Z,1,3,-90.5,0.8034,9.572,24.5082281603546,0
2018-10-16T18:47:05.000000Z,1,13,-86.3333333333333,0.8034,9.572,14.7037347486957,0
2018-10-16T18:47:05.000000Z,1,1,-91.5,0.8034,9.572,19.2552216180443,0
2018-10-16T18:47:05.000000Z,1,11,-58.5,0.8034,9.572,9.57203695981164,0
2018-10-16T18:47:05.000000Z,1,12,-72.5,0.8034,9.572,7.88990440753245,0
2018-10-16T18:47:05.000000Z,1,2,-86,0.8034,9.572,23.9179883677537,0
2018-10-16T18:47:05.000000Z,1,9,-75,0.8034,9.572,22.9664017982792,0
2018-10-16T18:47:05.500000Z,1,3,-87.5,0.7132,9.203,24.5597768564782,0
2018-10-16T18:47:05.500000Z,1,2,-86,0.7132,9.203,24.0223200220129,0
2018-10-16T18:47:05.500000Z,1,8,-66.5,0.7132,9.203,0.923700839016616,0
2018-10-16T18:47:05.500000Z,1,11,-63,0.7132,9.203,9.20374115455231,0
2018-10-16T18:47:05.500000Z,1,10,-84,0.7132,9.203,14.5399709504524,0
2018-10-16T18:47:05.500000Z,1,12,-69.5,0.7132,9.203,8.0096086820768,0
2018-10-16T18:47:05.500000Z,1,13,-73,0.7132,9.203,14.8099082792568,0
2018-10-16T18:47:05.500000Z,1,9,-83.5,0.7132,9.203,22.8976398617849,0
2018-10-16T18:47:05.500000Z,1,1,-76,0.7132,9.203,19.2901066674086,0
2018-10-16T18:47:06.000000Z,1,12,-69.5,0.6172,8.4406,8.21796423696282,0
2018-10-16T18:47:06.000000Z,1,13,-79,0.6172,8.4406,14.967428910805,0
2018-10-16T18:47:06.000000Z,1,1,-79,0.6172,8.4406,19.2956444878112,0
2018-10-16T18:47:06.000000Z,1,8,-66.5,0.6172,8.4406,1.48385181200819,0
2018-10-16T18:47:06.000000Z,1,3,-86.5,0.6172,8.4406,24.5942887719893,0
2018-10-16T18:47:06.000000Z,1,2,-86,0.6172,8.4406,24.165216080143,0
2018-10-16T18:47:06.000000Z,1,10,-71,0.6172,8.4406,14.1467238680904,0
2018-10-16T18:47:06.000000Z,1,11,-53,0.6172,8.4406,8.44328207511747,0
2018-10-16T18:47:06.000000Z,1,9,-87,0.6172,8.4406,22.6910835395756,0
2018-10-16T18:47:06.500000Z,1,1,-79,0.6114,8.0472,19.2668607147091,0
2018-10-16T18:47:06.500000Z,1,8,-68,0.6114,8.0472,1.84693307945902,0
2018-10-16T18:47:06.500000Z,1,10,-71,0.6114,8.0472,13.9203168713934,0
2018-10-16T18:47:06.500000Z,1,12,-78,0.6114,8.0472,8.30865824306187,0
2018-10-16T18:47:06.500000Z,1,3,-86.5,0.6114,8.0472,24.5777755258689,0
2018-10-16T18:47:06.500000Z,1,13,-79,0.6114,8.0472,15.0200501264144,0
2018-10-16T18:47:06.500000Z,1,2,-86,0.6114,8.0472,24.2046025747171,0
2018-10-16T18:47:06.500000Z,1,11,-59.3333333333333,0.6114,8.0472,8.05016855724152,0
2018-10-16T18:47:06.500000Z,1,9,-87,0.6114,8.0472,22.5531224844809,0
2018-10-16T18:47:07.000000Z,1,1,-80,0.6056,7.6538,19.2460786083815,0
2018-10-16T18:47:07.000000Z,1,2,-92.5,0.6056,7.6538,24.2503092310181,0
2018-10-16T18:47:07.000000Z,1,8,-77.6666666666667,0.6056,7.6538,2.22038325520618,0
2018-10-16T18:47:07.000000Z,1,9,-96,0.6056,7.6538,22.4212174022732,0
2018-10-16T18:47:07.000000Z,1,13,-92,0.6056,7.6538,15.0827543174315,0
2018-10-16T18:47:07.000000Z,1,3,-84,0.6056,7.6538,24.5675528655176,0
2018-10-16T18:47:07.000000Z,1,10,-75.6666666666667,0.6056,7.6538,13.7014686001173,0
2018-10-16T18:47:07.000000Z,1,11,-61.3333333333333,0.6056,7.6538,7.65708885935118,0
2018-10-16T18:47:07.000000Z,1,12,-68.5,0.6056,7.6538,8.4167845285477,0
2018-10-16T18:47:07.500000Z,1,9,-77,0.5998,7.2604,22.2954757787314,0
2018-10-16T18:47:07.500000Z,1,8,-70,0.5998,7.2604,2.59973771753998,0
2018-10-16T18:47:07.500000Z,1,12,-70,0.5998,7.2604,8.5416811108821,0
2018-10-16T18:47:07.500000Z,1,11,-54,0.5998,7.2604,7.26404847175458,0
2018-10-16T18:47:07.500000Z,1,3,-84,0.5998,7.2604,24.5636286448073,0
2018-10-16T18:47:07.500000Z,1,1,-80,0.5998,7.2604,19.2333241068724,0
2018-10-16T18:47:07.500000Z,1,2,-83,0.5998,7.2604,24.3023003890578,0
2018-10-16T18:47:07.500000Z,1,13,-84,0.5998,7.2604,15.1554163321236,0
2018-10-16T18:47:07.500000Z,1,10,-68,0.5998,7.2604,13.4905469199733,0
2018-10-16T18:47:08.000000Z,1,9,-77,0.576,6.30333333333333,22.0252316017587,0
2018-10-16T18:47:08.000000Z,1,3,-89,0.576,6.30333333333333,24.5900772760975,0
2018-10-16T18:47:08.000000Z,1,10,-68,0.576,6.30333333333333,13.0213381459476,0
2018-10-16T18:47:08.000000Z,1,8,-76,0.576,6.30333333333333,3.53392422732073,0
2018-10-16T18:47:08.000000Z,1,12,-67,0.576,6.30333333333333,8.91980159221294,0
2018-10-16T18:47:08.000000Z,1,1,-80,0.576,6.30333333333333,19.2455808029907,0
2018-10-16T18:47:08.000000Z,1,11,-62.5,0.576,6.30333333333333,6.30844886728197,0
2018-10-16T18:47:08.000000Z,1,2,-83,0.576,6.30333333333333,24.4643277810321,0
2018-10-16T18:47:08.000000Z,1,13,-83,0.576,6.30333333333333,15.3822566759382,0
2018-10-16T18:47:08.500000Z,1,10,-72,0.558,5.73966666666667,12.7740955626786,0
2018-10-16T18:47:08.500000Z,1,1,-79,0.558,5.73966666666667,19.2790374269856,0
2018-10-16T18:47:08.500000Z,1,13,-82,0.558,5.73966666666667,15.545749390464,0
2018-10-16T18:47:08.500000Z,1,9,-96,0.558,5.73966666666667,21.8879569042989,0
2018-10-16T18:47:08.500000Z,1,2,-94,0.558,5.73966666666667,24.5806234822833,0
2018-10-16T18:47:08.500000Z,1,8,-78,0.558,5.73966666666667,4.08858950141869,0
2018-10-16T18:47:08.500000Z,1,3,-85.5,0.558,5.73966666666667,24.6270429428933,0
2018-10-16T18:47:08.500000Z,1,11,-54.6666666666667,0.558,5.73966666666667,5.74610802582447,0
2018-10-16T18:47:08.500000Z,1,12,-73.5,0.558,5.73966666666667,9.18552361659972,0
2018-10-16T18:47:09.000000Z,1,10,-83.5,0.5402,4.846,12.4146705167717,0
2018-10-16T18:47:09.000000Z,1,3,-85.5,0.5402,4.846,24.7012260432554,0
2018-10-16T18:47:09.000000Z,1,9,-85,0.5402,4.846,21.6881271676464,0
2018-10-16T18:47:09.000000Z,1,1,-84,0.5402,4.846,19.3549555421861,0
2018-10-16T18:47:09.000000Z,1,13,-88,0.5402,4.846,15.832544711448,0
2018-10-16T18:47:09.000000Z,1,8,-80.6666666666667,0.5402,4.846,4.97342457869826,0
2018-10-16T18:47:09.000000Z,1,12,-79.3333333333333,0.5402,4.846,9.65039895755611,0
2018-10-16T18:47:09.000000Z,1,11,-60.25,0.5402,4.846,4.8546575615588,0
2018-10-16T18:47:09.000000Z,1,2,-94,0.5402,4.846,24.7797200960786,0
2018-10-16T18:47:09.500000Z,1,10,-85,0.5404,4.516,12.289426844243,0
2018-10-16T18:47:09.500000Z,1,12,-72.3333333333333,0.5404,4.516,9.83144364577248,0
2018-10-16T18:47:09.500000Z,1,13,-82.3333333333333,0.5404,4.516,15.9434572210672,0
2018-10-16T18:47:09.500000Z,1,11,-51.5,0.5404,4.516,4.52527614185035,0
2018-10-16T18:47:09.500000Z,1,8,-78.5,0.5404,4.516,5.30161373168585,0
2018-10-16T18:47:09.500000Z,1,2,-94,0.5404,4.516,24.8543758754872,0
2018-10-16T18:47:09.500000Z,1,1,-83,0.5404,4.516,19.386596714225,0
2018-10-16T18:47:09.500000Z,1,9,-85,0.5404,4.516,21.6165895589475,0
2018-10-16T18:47:09.500000Z,1,3,-86.5,0.5404,4.516,24.7299870634823,0
2018-10-16T18:47:10.000000Z,1,8,-64,0.5406,4.186,5.63001459678392,0
2018-10-16T18:47:10.000000Z,1,1,-78,0.5406,4.186,19.4237936655021,0
2018-10-16T18:47:10.000000Z,1,10,-75.3333333333333,0.5406,4.186,12.1718437535157,0
2018-10-16T18:47:10.000000Z,1,3,-86.5,0.5406,4.186,24.7631127356801,0
2018-10-16T18:47:10.000000Z,1,2,-94,0.5406,4.186,24.933176138631,0
2018-10-16T18:47:10.000000Z,1,9,-89,0.5406,4.186,21.5498684070228,0
2018-10-16T18:47:10.000000Z,1,11,-50,0.5406,4.186,4.19599193993506,0
2018-10-16T18:47:10.000000Z,1,13,-77,0.5406,4.186,16.0603855607516,0
2018-10-16T18:47:10.000000Z,1,12,-72.75,0.5406,4.186,10.0200882411284,0
2018-10-16T18:47:10.500000Z,1,2,-82,0.5408,3.856,25.0160817203654,0
2018-10-16T18:47:10.500000Z,1,9,-82,0.5408,3.856,21.4880085778092,0
2018-10-16T18:47:10.500000Z,1,8,-71,0.5408,3.856,5.95859216929637,0
2018-10-16T18:47:10.500000Z,1,12,-71.3333333333333,0.5408,3.856,10.2159117380682,0
2018-10-16T18:47:10.500000Z,1,13,-69,0.5408,3.856,16.1831993326412,0
2018-10-16T18:47:10.500000Z,1,11,-52,0.5408,3.856,3.86682979196137,0
2018-10-16T18:47:10.500000Z,1,10,-69,0.5408,3.856,12.0621452751988,0
2018-10-16T18:47:10.500000Z,1,1,-78,0.5408,3.856,19.4665145478075,0
2018-10-16T18:47:10.500000Z,1,3,-76,0.5408,3.856,24.8005855705062,0
2018-10-16T18:47:11.000000Z,1,3,-93,0.826,3.52575,24.5600120941033,0
2018-10-16T18:47:11.000000Z,1,2,-82,0.826,3.52575,24.8288441950587,0
2018-10-16T18:47:11.000000Z,1,11,-55.5,0.826,3.52575,3.52575226902005,0
2018-10-16T18:47:11.000000Z,1,10,-83.25,0.826,3.52575,11.688440831116,0
2018-10-16T18:47:11.000000Z,1,9,-84,0.826,3.52575,21.1499463134661,0
2018-10-16T18:47:11.000000Z,1,13,-66,0.826,3.52575,16.0509047739528,0
2018-10-16T18:47:11.000000Z,1,8,-71,0.826,3.52575,6.31847323825147,0
2018-10-16T18:47:11.000000Z,1,1,-83,0.826,3.52575,19.2332556802664,0
2018-10-16T18:47:11.000000Z,1,12,-81,0.826,3.52575,10.197577362418,0
2018-10-16T18:47:11.500000Z,1,3,-75.5,1.111,3.5255,24.2776996696557,0
2018-10-16T18:47:11.500000Z,1,1,-95,1.111,3.5255,18.9518938697429,0
2018-10-16T18:47:11.500000Z,1,12,-64,1.111,3.5255,9.97989384963588,0
2018-10-16T18:47:11.500000Z,1,10,-71.5,1.111,3.5255,11.4169624353415,0
2018-10-16T18:47:11.500000Z,1,11,-63.5,1.111,3.5255,3.53668082387993,0
2018-10-16T18:47:11.500000Z,1,2,-85,1.111,3.5255,24.5548822283879,0
2018-10-16T18:47:11.500000Z,1,8,-69,1.111,3.5255,6.3622544156926,0
2018-10-16T18:47:11.500000Z,1,9,-75.5,1.111,3.5255,20.8689460982101,0
2018-10-16T18:47:11.500000Z,1,13,-73,1.111,3.5255,15.7908784192014,0
2018-10-16T18:47:12.000000Z,1,3,-91.5,1.396,3.52525,23.9954507888996,0
2018-10-16T18:47:12.000000Z,1,12,-72,1.396,3.52525,9.76567604226661,0
2018-10-16T18:47:12.000000Z,1,2,-80.5,1.396,3.52525,24.2811743653906,0
2018-10-16T18:47:12.000000Z,1,13,-76,1.396,3.52525,15.531728447359,0
2018-10-16T18:47:12.000000Z,1,9,-76.75,1.396,3.52525,20.5880558470804,0
2018-10-16T18:47:12.000000Z,1,8,-75,1.396,3.52525,6.4184038952453,0
2018-10-16T18:47:12.000000Z,1,10,-78.3333333333333,1.396,3.52525,11.1461591394749,0
2018-10-16T18:47:12.000000Z,1,1,-82.3333333333333,1.396,3.52525,18.6706424250078,0
2018-10-16T18:47:12.000000Z,1,11,-60,1.396,3.52525,3.57039823584149,0
2018-10-16T18:47:12.500000Z,1,3,-77,1.84122222222222,3.40077777777778,23.5724952219245,0
2018-10-16T18:47:12.500000Z,1,1,-77.6666666666667,1.84122222222222,3.40077777777778,18.2525080738964,0
2018-10-16T18:47:12.500000Z,1,13,-79,1.84122222222222,3.40077777777778,15.1825161832392,0
2018-10-16T18:47:12.500000Z,1,9,-78,1.84122222222222,3.40077777777778,20.1281492743341,0
2018-10-16T18:47:12.500000Z,1,11,-53.5,1.84122222222222,3.40077777777778,3.54793741158764,0
2018-10-16T18:47:12.500000Z,1,8,-77.3333333333333,1.84122222222222,3.40077777777778,6.64923002132903,0
2018-10-16T18:47:12.500000Z,1,12,-71,1.84122222222222,3.40077777777778,9.52446684940591,0
2018-10-16T18:47:12.500000Z,1,10,-67.5,1.84122222222222,3.40077777777778,10.684447985995,0
2018-10-16T18:47:12.500000Z,1,2,-90,1.84122222222222,3.40077777777778,23.8897121951151,0
2018-10-16T18:47:13.000000Z,1,11,-54.75,2.00144444444444,3.27655555555556,3.47966929392173,0
2018-10-16T18:47:13.000000Z,1,8,-69,2.00144444444444,3.27655555555556,6.81401044870506,0
2018-10-16T18:47:13.000000Z,1,1,-78,2.00144444444444,3.27655555555556,18.1167425498428,0
2018-10-16T18:47:13.000000Z,1,10,-75,2.00144444444444,3.27655555555556,10.4932319221887,0
2018-10-16T18:47:13.000000Z,1,3,-83.3333333333333,2.00144444444444,3.27655555555556,23.4326311074383,0
2018-10-16T18:47:13.000000Z,1,12,-71.3333333333333,2.00144444444444,3.27655555555556,9.498005905075,0
2018-10-16T18:47:13.000000Z,1,13,-84,2.00144444444444,3.27655555555556,15.0937077602098,0
2018-10-16T18:47:13.000000Z,1,2,-90,2.00144444444444,3.27655555555556,23.7728382018816,0
2018-10-16T18:47:13.000000Z,1,9,-95,2.00144444444444,3.27655555555556,19.9494702952667,0
2018-10-16T18:47:13.500000Z,1,8,-76,2.16166666666667,3.15233333333333,6.9807894650645,0
2018-10-16T18:47:13.500000Z,1,1,-81.5,2.16166666666667,3.15233333333333,17.982237760882,0
2018-10-16T18:47:13.500000Z,1,2,-90,2.16166666666667,3.15233333333333,23.6571242593478,0
2018-10-16T18:47:13.500000Z,1,12,-79.5,2.16166666666667,3.15233333333333,9.47580963412743,0
2018-10-16T18:47:13.500000Z,1,13,-78.6666666666667,2.16166666666667,3.15233333333333,15.0071128098941,0
2018-10-16T18:47:13.500000Z,1,9,-86,2.16166666666667,3.15233333333333,19.7712554370115,0
2018-10-16T18:47:13.500000Z,1,10,-79,2.16166666666667,3.15233333333333,10.3024564169048,0
2018-10-16T18:47:13.500000Z,1,3,-74,2.16166666666667,3.15233333333333,23.2936917402306,0
2018-10-16T18:47:13.500000Z,1,11,-54,2.16166666666667,3.15233333333333,3.42206685433753,0
2018-10-16T18:47:14.000000Z,1,13,-78.6666666666667,2.32188888888889,3.02811111111111,14.9227698658505,0
2018-10-16T18:47:14.000000Z,1,2,-90,2.32188888888889,3.02811111111111,23.5425874727818,0
2018-10-16T18:47:14.000000Z,1,3,-79.5,2.32188888888889,3.02811111111111,23.1556937663822,0
2018-10-16T18:47:14.000000Z,1,9,-84,2.32188888888889,3.02811111111111,19.5935173639487,0
2018-10-16T18:47:14.000000Z,1,10,-72,2.32188888888889,3.02811111111111,10.1121464048727,0
2018-10-16T18:47:14.000000Z,1,1,-81.6666666666667,2.32188888888889,3.02811111111111,17.8490222085824,0
2018-10-16T18:47:14.000000Z,1,11,-67,2.32188888888889,3.02811111111111,3.37567613346196,0
2018-10-16T18:47:14.000000Z,1,12,-72.25,2.32188888888889,3.02811111111111,9.45790806222921,0
2018-10-16T18:47:14.000000Z,1,8,-81.6666666666667,2.32188888888889,3.02811111111111,7.14942720489024,0
2018-10-16T18:47:14.500000Z,1,2,-90,2.48211111111111,2.90388888888889,23.429245106211,0
2018-10-16T18:47:14.500000Z,1,12,-77,2.48211111111111,2.90388888888889,9.4443256110171,0
2018-10-16T18:47:14.500000Z,1,1,-81.6666666666667,2.48211111111111,2.90388888888889,17.7171249743864,0
2018-10-16T18:47:14.500000Z,1,13,-75,2.48211111111111,2.90388888888889,14.8407173240163,0
2018-10-16T18:47:14.500000Z,1,9,-84.3333333333333,2.48211111111111,2.90388888888889,19.4162691696715,0
2018-10-16T18:47:14.500000Z,1,10,-87,2.48211111111111,2.90388888888889,9.92232867057495,0
2018-10-16T18:47:14.500000Z,1,11,-56.75,2.48211111111111,2.90388888888889,3.34096420251237,0
2018-10-16T18:47:14.500000Z,1,8,-87,2.48211111111111,2.90388888888889,7.31979520222179,0
2018-10-16T18:47:14.500000Z,1,3,-85.5,2.48211111111111,2.90388888888889,23.0186541169988,0
2018-10-16T18:47:15.000000Z,1,12,-76,2.64233333333333,2.77966666666667,9.43508093352793,0
2018-10-16T18:47:15.000000Z,1,2,-90,2.64233333333333,2.77966666666667,23.317114577542,0
2018-10-16T18:47:15.000000Z,1,9,-82,2.64233333333333,2.77966666666667,19.239524393521,0
2018-10-16T18:47:15.000000Z,1,11,-51.5,2.64233333333333,2.77966666666667,3.31829758895866,0
2018-10-16T18:47:15.000000Z,1,10,-77,2.64233333333333,2.77966666666667,9.73303201588396,0
2018-10-16T18:47:15.000000Z,1,13,-81,2.64233333333333,2.77966666666667,14.7609933797003,0
2018-10-16T18:47:15.000000Z,1,8,-87,2.64233333333333,2.77966666666667,7.49177541634083,0
2018-10-16T18:47:15.000000Z,1,1,-82.5,2.64233333333333,2.77966666666667,17.5865757200074,0
2018-10-16T18:47:15.000000Z,1,3,-82,2.64233333333333,2.77966666666667,22.8825900097772,0
2018-10-16T18:47:15.500000Z,1,3,-82,2.80255555555556,2.65544444444444,22.7475189503177,0
2018-10-16T18:47:15.500000Z,1,10,-81,2.80255555555556,2.65544444444444,9.54428744535213,0
2018-10-16T18:47:15.500000Z,1,13,-75.3333333333333,2.80255555555556,2.65544444444444,14.6836359619043,0
2018-10-16T18:47:15.500000Z,1,1,-81,2.80255555555556,2.65544444444444,17.4574046866956,0
2018-10-16T18:47:15.500000Z,1,9,-88.6666666666667,2.80255555555556,2.65544444444444,19.0632970377796,0
2018-10-16T18:47:15.500000Z,1,2,-84.5,2.80255555555556,2.65544444444444,23.2062134532867,0
2018-10-16T18:47:15.500000Z,1,12,-75,2.80255555555556,2.65544444444444,9.43018678709527,0
2018-10-16T18:47:15.500000Z,1,8,-73.8,2.80255555555556,2.65544444444444,7.66525933137842,0
2018-10-16T18:47:15.500000Z,1,11,-56.75,2.80255555555556,2.65544444444444,3.30792391346656,0
2018-10-16T18:47:16.000000Z,1,12,-73.75,2.96277777777778,2.53122222222222,9.42964994571725,0
2018-10-16T18:47:16.000000Z,1,2,-90.5,2.96277777777778,2.53122222222222,23.096559442886,0
2018-10-16T18:47:16.000000Z,1,8,-66,2.96277777777778,2.53122222222222,7.84014712793416,0
2018-10-16T18:47:16.000000Z,1,1,-87,2.96277777777778,2.53122222222222,17.329642693274,0
2018-10-16T18:47:16.000000Z,1,13,-85,2.96277777777778,2.53122222222222,14.6086826651097,0
2018-10-16T18:47:16.000000Z,1,11,-54.2,2.96277777777778,2.53122222222222,3.30995875920748,0
2018-10-16T18:47:16.000000Z,1,10,-79.5,2.96277777777778,2.53122222222222,9.35612837122094,0
2018-10-16T18:47:16.000000Z,1,3,-77.5,2.96277777777778,2.53122222222222,22.6134587331647,0
2018-10-16T18:47:16.000000Z,1,9,-90.5,2.96277777777778,2.53122222222222,18.887601585546,0
2018-10-16T18:47:16.500000Z,1,13,-86,3.1012,2.6384,14.4348880148063,0
2018-10-16T18:47:16.500000Z,1,10,-77,3.1012,2.6384,9.25293294042489,0
2018-10-16T18:47:16.500000Z,1,11,-66.6666666666667,3.1012,2.6384,3.4813078002383,0
2018-10-16T18:47:16.500000Z,1,12,-70.5,3.1012,2.6384,9.26060257218719,0
2018-10-16T18:47:16.500000Z,1,9,-84,3.1012,2.6384,18.7652062072336,0
2018-10-16T18:47:16.500000Z,1,8,-62,3.1012,2.6384,7.79505125063331,0
2018-10-16T18:47:16.500000Z,1,2,-85,3.1012,2.6384,22.930191538668,0
2018-10-16T18:47:16.500000Z,1,1,-79,3.1012,2.6384,17.170290853681,0
2018-10-16T18:47:16.500000Z,1,3,-91.5,3.1012,2.6384,22.4572534384773,0
2018-10-16T18:47:17.000000Z,1,9,-84,3.0794,2.8698,18.820682038651,0
2018-10-16T18:47:17.000000Z,1,8,-68,3.0794,2.8698,7.57442224859428,0
2018-10-16T18:47:17.000000Z,1,10,-77,3.0794,2.8698,9.34229738340629,0
2018-10-16T18:47:17.000000Z,1,12,-73,3.0794,2.8698,9.0903896726158,0
2018-10-16T18:47:17.000000Z,1,2,-85,3.0794,2.8698,22.8744274769884,0
2018-10-16T18:47:17.000000Z,1,1,-79,3.0794,2.8698,17.1403488995994,0
2018-10-16T18:47:17.000000Z,1,3,-91.5,3.0794,2.8698,22.4364633665825,0
2018-10-16T18:47:17.000000Z,1,11,-66.6666666666667,3.0794,2.8698,3.64630667936749,0
2018-10-16T18:47:17.000000Z,1,13,-81,3.0794,2.8698,14.336658201966,0
2018-10-16T18:47:17.500000Z,1,13,-82,3.0576,3.1012,14.2415444106319,0
2018-10-16T18:47:17.500000Z,1,2,-86,3.0576,3.1012,22.82089444347,0
2018-10-16T18:47:17.500000Z,1,12,-84,3.0576,3.1012,8.92298443347292,0
2018-10-16T18:47:17.500000Z,1,11,-59.5,3.0576,3.1012,3.81832989669567,0
2018-10-16T18:47:17.500000Z,1,8,-92,3.0576,3.1012,7.35451991635076,0
2018-10-16T18:47:17.500000Z,1,9,-78.6666666666667,3.0576,3.1012,18.8788565119819,0
2018-10-16T18:47:17.500000Z,1,3,-87,3.0576,3.1012,22.4180638593077,0
2018-10-16T18:47:17.500000Z,1,1,-75.5,3.0576,3.1012,17.1135114806985,0
2018-10-16T18:47:17.500000Z,1,10,-76,3.0576,3.1012,9.4365414850993,0
2018-10-16T18:47:18.000000Z,1,8,-68,3.0358,3.3326,7.13541143873288,0
2018-10-16T18:47:18.000000Z,1,13,-71.5,3.0358,3.3326,14.14960947871,0
2018-10-16T18:47:18.000000Z,1,2,-73,3.0358,3.3326,22.7696081740552,0
2018-10-16T18:47:18.000000Z,1,12,-66.6666666666667,3.0358,3.3326,8.75854784767429,0
2018-10-16T18:47:18.000000Z,1,10,-74,3.0358,3.3326,9.5355205626122,0
2018-10-16T18:47:18.000000Z,1,1,-75.5,3.0358,3.3326,17.0897932228567,0
2018-10-16T18:47:18.000000Z,1,3,-73.5,3.0358,3.3326,22.4020608069883,0
2018-10-16T18:47:18.000000Z,1,9,-79,3.0358,3.3326,18.9397047601065,0
2018-10-16T18:47:18.000000Z,1,11,-78.5,3.0358,3.3326,3.99647049282239,0
2018-10-16T18:47:18.500000Z,1,11,-67.3333333333333,3.0845,3.885,4.49176972361674,0
2018-10-16T18:47:18.500000Z,1,3,-76.5,3.0845,3.885,22.2737272419773,0
2018-10-16T18:47:18.500000Z,1,10,-79.5,3.0845,3.885,9.69769742000646,0
2018-10-16T18:47:18.500000Z,1,1,-84,3.0845,3.885,16.9463620063422,0
2018-10-16T18:47:18.500000Z,1,8,-66.6666666666667,3.0845,3.885,6.66206914179071,0
2018-10-16T18:47:18.500000Z,1,12,-65,3.0845,3.885,8.31087511938424,0
2018-10-16T18:47:18.500000Z,1,13,-76,3.0845,3.885,13.853002030246,0
2018-10-16T18:47:18.500000Z,1,9,-89.3333333333333,3.0845,3.885,18.9969956901085,0
2018-10-16T18:47:18.500000Z,1,2,-80.5,3.0845,3.885,22.5597623048205,0
2018-10-16T18:47:19.000000Z,1,1,-87.5,3.155,4.206,16.8290392179708,0
2018-10-16T18:47:19.000000Z,1,8,-68,3.155,4.206,6.41366361762137,0
2018-10-16T18:47:19.000000Z,1,13,-73,3.155,4.206,13.6498352004704,0
2018-10-16T18:47:19.000000Z,1,3,-81,3.155,4.206,22.1632750513095,0
2018-10-16T18:47:19.000000Z,1,11,-59.5,3.155,4.206,4.80583613952869,0
2018-10-16T18:47:19.000000Z,1,9,-73,3.155,4.206,18.9964749624766,0
2018-10-16T18:47:19.000000Z,1,12,-65,3.155,4.206,8.02773947011237,0
2018-10-16T18:47:19.000000Z,1,10,-75.3333333333333,3.155,4.206,9.76701904370008,0
2018-10-16T18:47:19.000000Z,1,2,-87.3333333333333,3.155,4.206,22.4026079062238,0
2018-10-16T18:47:19.500000Z,1,9,-85,3.2255,4.527,19.0016393832217,0
2018-10-16T18:47:19.500000Z,1,8,-67.25,3.2255,4.527,6.17276431187843,0
2018-10-16T18:47:19.500000Z,1,12,-71.75,3.2255,4.527,7.74819845189835,0
2018-10-16T18:47:19.500000Z,1,10,-74.6,3.2255,4.527,9.84682736976738,0
2018-10-16T18:47:19.500000Z,1,1,-79,3.2255,4.527,16.7173550315234,0
2018-10-16T18:47:19.500000Z,1,11,-70,3.2255,4.527,5.12173303189458,0
2018-10-16T18:47:19.500000Z,1,13,-74.5,3.2255,4.527,13.4516303565776,0
2018-10-16T18:47:19.500000Z,1,3,-78,3.2255,4.527,22.0571670721786,0
2018-10-16T18:47:19.500000Z,1,2,-87.3333333333333,3.2255,4.527,22.2491983956726,0
2018-10-16T18:47:20.000000Z,1,3,-74.6666666666667,3.66925,4.854,21.5832423783476,0
2018-10-16T18:47:20.000000Z,1,11,-75.3333333333333,3.66925,4.854,5.62340257873292,0
2018-10-16T18:47:20.000000Z,1,1,-68,3.66925,4.854,16.2395548449611,0
2018-10-16T18:47:20.000000Z,1,8,-72.6666666666667,3.66925,4.854,6.15040580470102,0
2018-10-16T18:47:20.000000Z,1,13,-79.5,3.66925,4.854,12.9134666748515,0
2018-10-16T18:47:20.000000Z,1,12,-64.5,3.66925,4.854,7.20406770946109,0
2018-10-16T18:47:20.000000Z,1,9,-85.5,3.66925,4.854,18.6533758757631,0
2018-10-16T18:47:20.000000Z,1,10,-74.6666666666667,3.66925,4.854,9.61580815961404,0
2018-10-16T18:47:20.000000Z,1,2,-80,3.66925,4.854,21.7366302945627,0
2018-10-16T18:47:20.500000Z,1,3,-80.6666666666667,4.0425,4.86,21.2110562266475,0
2018-10-16T18:47:20.500000Z,1,11,-64.6666666666667,4.0425,4.86,5.82578374555733,0
2018-10-16T18:47:20.500000Z,1,9,-80.6666666666667,4.0425,4.86,18.2948355075961,0
2018-10-16T18:47:20.500000Z,1,12,-68,4.0425,4.86,6.94516423491914,0
2018-10-16T18:47:20.500000Z,1,10,-79.75,4.0425,4.86,9.29864808722214,0
2018-10-16T18:47:20.500000Z,1,8,-76,4.0425,4.86,6.37547694294317,0
2018-10-16T18:47:20.500000Z,1,13,-76.6666666666667,4.0425,4.86,12.5699326271066,0
2018-10-16T18:47:20.500000Z,1,1,-75.5,4.0425,4.86,15.8677536611204,0
2018-10-16T18:47:20.500000Z,1,2,-80.5,4.0425,4.86,21.3740042165711,0
2018-10-16T18:47:21.000000Z,1,3,-80,4.41575,4.866,20.8389098578237,0
2018-10-16T18:47:21.000000Z,1,8,-75.5,4.41575,4.866,6.61397188249995,0
2018-10-16T18:47:21.000000Z,1,9,-77.3333333333333,4.41575,4.866,17.9368972808148,0
2018-10-16T18:47:21.000000Z,1,11,-67.5,4.41575,4.866,6.04446515934206,0
2018-10-16T18:47:21.000000Z,1,1,-74,4.41575,4.866,15.496024459922,0
2018-10-16T18:47:21.000000Z,1,12,-68.3333333333333,4.41575,4.866,6.69706831848832,0
2018-10-16T18:47:21.000000Z,1,13,-76,4.41575,4.866,12.2281435247751,0
2018-10-16T18:47:21.000000Z,1,2,-86.5,4.41575,4.866,21.0117519274929,0
2018-10-16T18:47:21.000000Z,1,10,-67,4.41575,4.866,8.9858026387463,0
2018-10-16T18:47:21.500000Z,1,10,-62.5,4.73475,4.53825,8.54075849237057,0
2018-10-16T18:47:21.500000Z,1,1,-72.5,4.73475,4.53825,15.2188010574092,0
2018-10-16T18:47:21.500000Z,1,13,-70,4.73475,4.53825,12.0851117340718,0
2018-10-16T18:47:21.500000Z,1,8,-61,4.73475,4.53825,7.07097840648662,0
2018-10-16T18:47:21.500000Z,1,12,-70,4.73475,4.53825,6.76197571904839,0
2018-10-16T18:47:21.500000Z,1,9,-84,4.73475,4.53825,17.5424402699567,0
2018-10-16T18:47:21.500000Z,1,2,-86.5,4.73475,4.53825,20.7923954999178,0
2018-10-16T18:47:21.500000Z,1,3,-88,4.73475,4.53825,20.5556567792177,0
2018-10-16T18:47:21.500000Z,1,11,-53.5,4.73475,4.53825,5.98688446731687,0
2018-10-16T18:47:22.000000Z,1,2,-86.5,4.6805,4.2045,20.9393887327209,0
2018-10-16T18:47:22.000000Z,1,3,-88,4.6805,4.2045,20.6496632054859,0
2018-10-16T18:47:22.000000Z,1,12,-69.6666666666667,4.6805,4.2045,7.06628972658212,0
2018-10-16T18:47:22.000000Z,1,11,-65,4.6805,4.2045,5.70124289080899,0
2018-10-16T18:47:22.000000Z,1,10,-70,4.6805,4.2045,8.41514292807912,0
2018-10-16T18:47:22.000000Z,1,9,-80,4.6805,4.2045,17.5117337948017,0
2018-10-16T18:47:22.000000Z,1,8,-77,4.6805,4.2045,7.28731023766657,0
2018-10-16T18:47:22.000000Z,1,13,-82.5,4.6805,4.2045,12.2881255893647,0
2018-10-16T18:47:22.000000Z,1,1,-75,4.6805,4.2045,15.3201119610791,0
2018-10-16T18:47:22.500000Z,1,8,-67,4.62625,3.87075,7.51263666265047,0
2018-10-16T18:47:22.500000Z,1,11,-53,4.62625,3.87075,5.42164362762806,0
2018-10-16T18:47:22.500000Z,1,9,-91.5,4.62625,3.87075,17.4875125339483,0
2018-10-16T18:47:22.500000Z,1,3,-78,4.62625,3.87075,20.7487546523882,0
2018-10-16T18:47:22.500000Z,1,13,-82.5,4.62625,3.87075,12.4969916229867,0
2018-10-16T18:47:22.500000Z,1,1,-86,4.62625,3.87075,15.4281696783838,0
2018-10-16T18:47:22.500000Z,1,12,-86,4.62625,3.87075,7.37355067962512,0
2018-10-16T18:47:22.500000Z,1,10,-79.5,4.62625,3.87075,8.30140768936209,0
2018-10-16T18:47:22.500000Z,1,2,-85.75,4.62625,3.87075,21.0907789003868,0
2018-10-16T18:47:23.000000Z,1,10,-66,4.9255,3.55125,7.88900226977404,0
2018-10-16T18:47:23.000000Z,1,2,-82,4.9255,3.55125,20.9071074472893,0
2018-10-16T18:47:23.000000Z,1,1,-84.5,4.9255,3.55125,15.19337460252,0
2018-10-16T18:47:23.000000Z,1,9,-78,4.9255,3.55125,17.1267231779024,0
2018-10-16T18:47:23.000000Z,1,8,-75.5,4.9255,3.55125,7.94874529800144,0
2018-10-16T18:47:23.000000Z,1,11,-58,4.9255,3.55125,5.42074688696124,0
2018-10-16T18:47:23.000000Z,1,12,-67.8,4.9255,3.55125,7.48802188915738,0
2018-10-16T18:47:23.000000Z,1,13,-71,4.9255,3.55125,12.4013810445652,0
2018-10-16T18:47:23.000000Z,1,3,-78,4.9255,3.55125,20.501627784459,0
2018-10-16T18:47:23.500000Z,1,12,-60,5.279,3.5655,7.30455756702622,0
2018-10-16T18:47:23.500000Z,1,1,-89.25,5.279,3.5655,14.8441207637906,0
2018-10-16T18:47:23.500000Z,1,2,-77,5.279,3.5655,20.568228928374,0
2018-10-16T18:47:23.500000Z,1,9,-71,5.279,3.5655,16.7840874416812,0
2018-10-16T18:47:23.500000Z,1,8,-68,5.279,3.5655,8.16163226628105,0
2018-10-16T18:47:23.500000Z,1,11,-66.5,5.279,3.5655,5.70143764764642,0
2018-10-16T18:47:23.500000Z,1,13,-75,5.279,3.5655,12.0937422351396,0
2018-10-16T18:47:23.500000Z,1,3,-82,5.279,3.5655,20.1504863775046,0
2018-10-16T18:47:23.500000Z,1,10,-67.25,5.279,3.5655,7.58170635477265,0
2018-10-16T18:47:24.000000Z,1,9,-67,5.6325,3.57975,16.441924045333,0
2018-10-16T18:47:24.000000Z,1,2,-78,5.6325,3.57975,20.2298608821835,0
2018-10-16T18:47:24.000000Z,1,11,-66,5.6325,3.57975,5.98987615168294,0
2018-10-16T18:47:24.000000Z,1,8,-69,5.6325,3.57975,8.38404802660982,0
2018-10-16T18:47:24.000000Z,1,3,-79,5.6325,3.57975,19.7994391666153,0
2018-10-16T18:47:24.000000Z,1,1,-81,5.6325,3.57975,14.4950867990675,0
2018-10-16T18:47:24.000000Z,1,10,-82,5.6325,3.57975,7.27863423400984,0
2018-10-16T18:47:24.000000Z,1,12,-64,5.6325,3.57975,7.13393168684001,0
2018-10-16T18:47:24.000000Z,1,13,-70,5.6325,3.57975,11.7886929433462,0
2018-10-16T18:47:24.500000Z,1,12,-64.6666666666667,6.273,3.69166666666667,6.77997923628417,0
2018-10-16T18:47:24.500000Z,1,13,-64,6.273,3.69166666666667,11.1942841863357,0
2018-10-16T18:47:24.500000Z,1,3,-75,6.273,3.69166666666667,19.1492516418905,0
2018-10-16T18:47:24.500000Z,1,8,-78.5,6.273,3.69166666666667,8.74872553258156,0
2018-10-16T18:47:24.500000Z,1,10,-66.3333333333333,6.273,3.69166666666667,6.78853531903442,0
2018-10-16T18:47:24.500000Z,1,2,-84.6666666666667,6.273,3.69166666666667,19.5889077059215,0
2018-10-16T18:47:24.500000Z,1,11,-71.5,6.273,3.69166666666667,6.57682687758905,0
2018-10-16T18:47:24.500000Z,1,9,-70.6,6.273,3.69166666666667,15.8431073902116,0
2018-10-16T18:47:24.500000Z,1,1,-86,6.273,3.69166666666667,13.8452619492895,0
2018-10-16T18:47:25.000000Z,1,8,-74,6.56,3.78933333333333,8.89053431715127,0
2018-10-16T18:47:25.000000Z,1,3,-73,6.56,3.78933333333333,18.8501374118186,0
2018-10-16T18:47:25.000000Z,1,10,-71.5,6.56,3.78933333333333,6.60508494351974,0
2018-10-16T18:47:25.000000Z,1,13,-60,6.56,3.78933333333333,10.9027299537522,0
2018-10-16T18:47:25.000000Z,1,9,-82,6.56,3.78933333333333,15.5876055605443,0
2018-10-16T18:47:25.000000Z,1,11,-73,6.56,3.78933333333333,6.86963951827977,0
2018-10-16T18:47:25.000000Z,1,12,-85,6.56,3.78933333333333,6.59092713087047,0
2018-10-16T18:47:25.000000Z,1,2,-75.5,6.56,3.78933333333333,19.2857873517722,0
2018-10-16T18:47:25.000000Z,1,1,-70,6.56,3.78933333333333,13.5443301954893,0
2018-10-16T18:47:25.500000Z,1,9,-77.25,6.847,3.887,15.3338402887209,0
2018-10-16T18:47:25.500000Z,1,2,-76.5,6.847,3.887,18.9826683582683,0
2018-10-16T18:47:25.500000Z,1,1,-81,6.847,3.887,13.2435002170876,0
2018-10-16T18:47:25.500000Z,1,13,-65.5,6.847,3.887,10.6118263272634,0
2018-10-16T18:47:25.500000Z,1,10,-60,6.847,3.887,6.43069965089336,0
2018-10-16T18:47:25.500000Z,1,11,-73.75,6.847,3.887,7.16331333950987,0
2018-10-16T18:47:25.500000Z,1,8,-73.6666666666667,6.847,3.887,9.04028860158789,0
2018-10-16T18:47:25.500000Z,1,12,-64.25,6.847,3.887,6.41064255749765,0
2018-10-16T18:47:25.500000Z,1,3,-78.4,6.847,3.887,18.5511546271384,0
2018-10-16T18:47:26.000000Z,1,1,-90,7.134,3.98466666666667,12.9427791108058,0
2018-10-16T18:47:26.000000Z,1,10,-63.5,7.134,3.98466666666667,6.2661363250766,0
2018-10-16T18:47:26.000000Z,1,13,-67.5,7.134,3.98466666666667,10.3216283168457,0
2018-10-16T18:47:26.000000Z,1,9,-73.6666666666667,7.134,3.98466666666667,15.081899232008,0
2018-10-16T18:47:26.000000Z,1,11,-75.5,7.134,3.98466666666667,7.4577466063446,0
2018-10-16T18:47:26.000000Z,1,8,-77,7.134,3.98466666666667,9.19760029089714,0
2018-10-16T18:47:26.000000Z,1,2,-76.5,7.134,3.98466666666667,18.6795507916485,0
2018-10-16T18:47:26.000000Z,1,12,-69,7.134,3.98466666666667,6.23988550464759,0
2018-10-16T18:47:26.000000Z,1,3,-88,7.134,3.98466666666667,18.2523097472926,0
2018-10-16T18:47:26.500000Z,1,13,-60.5,7.421,4.08233333333333,10.032197156046,0
2018-10-16T18:47:26.500000Z,1,12,-62.5,7.421,4.08233333333333,6.07945883922062,0
2018-10-16T18:47:26.500000Z,1,1,-78,7.421,4.08233333333333,12.6421746459135,0
2018-10-16T18:47:26.500000Z,1,2,-80.5,7.421,4.08233333333333,18.376434722522,0
2018-10-16T18:47:26.500000Z,1,9,-73.5,7.421,4.08233333333333,14.8318753515678,0
2018-10-16T18:47:26.500000Z,1,10,-67,7.421,4.08233333333333,6.11218835151899,0
2018-10-16T18:47:26.500000Z,1,8,-80,7.421,4.08233333333333,9.36208843035451,0
2018-10-16T18:47:26.500000Z,1,3,-72,7.421,4.08233333333333,17.9536096587226,0
2018-10-16T18:47:26.500000Z,1,11,-77,7.421,4.08233333333333,7.75285279393621,0
2018-10-16T18:47:27.000000Z,1,8,-90,8.0566,4.2044,9.80345505013411,0
2018-10-16T18:47:27.000000Z,1,9,-72.5,8.0566,4.2044,14.2574193639663,0
2018-10-16T18:47:27.000000Z,1,2,-76,8.0566,4.2044,17.7373640352787,0
2018-10-16T18:47:27.000000Z,1,11,-77,8.0566,4.2044,8.36066545916053,0
2018-10-16T18:47:27.000000Z,1,1,-73,8.0566,4.2044,11.9949747361135,0
2018-10-16T18:47:27.000000Z,1,12,-62.3333333333333,8.0566,4.2044,5.85886020655895,0
2018-10-16T18:47:27.000000Z,1,10,-70.6666666666667,8.0566,4.2044,5.7438383438255,0
2018-10-16T18:47:27.000000Z,1,3,-74,8.0566,4.2044,17.3068047576669,0
2018-10-16T18:47:27.000000Z,1,13,-69,8.0566,4.2044,9.45208013719732,0
2018-10-16T18:47:27.500000Z,1,13,-65,8.4052,4.2288,9.16461174736824,0
2018-10-16T18:47:27.500000Z,1,9,-77,8.4052,4.2288,13.9320875851396,0
2018-10-16T18:47:27.500000Z,1,11,-74.3333333333333,8.4052,4.2288,8.67562127343051,0
2018-10-16T18:47:27.500000Z,1,1,-75,8.4052,4.2288,11.6484174238392,0
2018-10-16T18:47:27.500000Z,1,10,-66,8.4052,4.2288,5.53087230733091,0
2018-10-16T18:47:27.500000Z,1,12,-64,8.4052,4.2288,5.80770492363377,0
2018-10-16T18:47:27.500000Z,1,8,-72.6666666666667,8.4052,4.2288,10.0784092236821,0
2018-10-16T18:47:27.500000Z,1,3,-78.6666666666667,8.4052,4.2288,16.9585970080075,0
2018-10-16T18:47:27.500000Z,1,2,-81,8.4052,4.2288,17.4019394459353,0
2018-10-16T18:47:28.000000Z,1,10,-76.25,8.7538,4.2532,5.33232150943658,0
2018-10-16T18:47:28.000000Z,1,12,-67.3333333333333,8.7538,4.2532,5.77727138708231,0
2018-10-16T18:47:28.000000Z,1,1,-78.25,8.7538,4.2532,11.302038430301,0
2018-10-16T18:47:28.000000Z,1,2,-81,8.7538,4.2532,17.0670778014281,0
2018-10-16T18:47:28.000000Z,1,13,-75,8.7538,4.2532,8.88158953566308,0
2018-10-16T18:47:28.000000Z,1,3,-81.6666666666667,8.7538,4.2532,16.6104415558407,0
2018-10-16T18:47:28.000000Z,1,9,-74.6666666666667,8.7538,4.2532,13.6079519649358,0
2018-10-16T18:47:28.000000Z,1,8,-72.5,8.7538,4.2532,10.3578554093017,0
2018-10-16T18:47:28.000000Z,1,11,-77,8.7538,4.2532,8.99312607940087,0
2018-10-16T18:47:28.500000Z,1,3,-77,9.1024,4.2776,16.2623417600295,0
2018-10-16T18:47:28.500000Z,1,1,-76,9.1024,4.2776,10.9558546686235,0
2018-10-16T18:47:28.500000Z,1,8,-80,9.1024,4.2776,10.6414397296606,0
2018-10-16T18:47:28.500000Z,1,2,-73,9.1024,4.2776,16.7328128992109,0
2018-10-16T18:47:28.500000Z,1,11,-79,9.1024,4.2776,9.31291917284801,0
2018-10-16T18:47:28.500000Z,1,9,-74.3333333333333,9.1024,4.2776,13.2851000568306,0
2018-10-16T18:47:28.500000Z,1,12,-70.6666666666667,9.1024,4.2776,5.76788761332951,0
2018-10-16T18:47:28.500000Z,1,10,-64,9.1024,4.2776,5.14985354354859,0
2018-10-16T18:47:28.500000Z,1,13,-74.6,9.1024,4.2776,8.60345230241907,0
2018-10-16T18:47:29.000000Z,1,1,-73.5,9.727,4.0532,10.3972428672221,0
2018-10-16T18:47:29.000000Z,1,12,-68.8,9.727,4.0532,6.06781239327651,0
2018-10-16T18:47:29.000000Z,1,13,-66.3333333333333,9.727,4.0532,8.30961294164776,0
2018-10-16T18:47:29.000000Z,1,2,-94,9.727,4.0532,16.2369281343486,0
2018-10-16T18:47:29.000000Z,1,11,-75.5,9.727,4.0532,9.77676016070764,0
2018-10-16T18:47:29.000000Z,1,9,-76.6666666666667,9.727,4.0532,12.6215149344284,0
2018-10-16T18:47:29.000000Z,1,8,-75,9.727,4.0532,11.2927146089857,0
2018-10-16T18:47:29.000000Z,1,10,-61.25,9.727,4.0532,4.63243772111401,0
2018-10-16T18:47:29.000000Z,1,3,-85,9.727,4.0532,15.6843737280135,0
2018-10-16T18:47:29.500000Z,1,3,-75.25,10.003,3.8044,15.4599588731665,0
2018-10-16T18:47:29.500000Z,1,13,-61,10.003,3.8044,8.3051251862931,0
2018-10-16T18:47:29.500000Z,1,2,-76.5,10.003,3.8044,16.0816255509199,0
2018-10-16T18:47:29.500000Z,1,8,-74,10.003,3.8044,11.6570758065649,0
2018-10-16T18:47:29.500000Z,1,9,-66,10.003,3.8044,12.2811151106078,0
2018-10-16T18:47:29.500000Z,1,1,-70,10.003,3.8044,10.1937141592258,0
2018-10-16T18:47:29.500000Z,1,11,-82,10.003,3.8044,9.93062879982934,0
2018-10-16T18:47:29.500000Z,1,10,-64,10.003,3.8044,4.28282014098187,0
2018-10-16T18:47:29.500000Z,1,12,-67.5,10.003,3.8044,6.36462287649473,0
2018-10-16T18:47:30.000000Z,1,10,-60.6666666666667,10.279,3.5556,3.93722902051684,0
2018-10-16T18:47:30.000000Z,1,12,-66.3333333333333,10.279,3.5556,6.6689321753936,0
2018-10-16T18:47:30.000000Z,1,13,-77,10.279,3.5556,8.31725293351116,0
2018-10-16T18:47:30.000000Z,1,2,-79,10.279,3.5556,15.9334767191596,0
2018-10-16T18:47:30.000000Z,1,11,-82,10.279,3.5556,10.0958353968357,0
2018-10-16T18:47:30.000000Z,1,3,-80.3333333333333,10.279,3.5556,15.2413002188134,0
2018-10-16T18:47:30.000000Z,1,8,-72.5,10.279,3.5556,12.0218794021567,0
2018-10-16T18:47:30.000000Z,1,1,-75,10.279,3.5556,9.99985561695768,0
2018-10-16T18:47:30.000000Z,1,9,-69.3333333333333,10.279,3.5556,11.9425747793346,0
2018-10-16T18:47:30.500000Z,1,12,-64.3333333333333,10.555,3.3068,6.97975954027071,0
2018-10-16T18:47:30.500000Z,1,8,-75,10.555,3.3068,12.3870863095403,0
2018-10-16T18:47:30.500000Z,1,2,-78.6666666666667,10.555,3.3068,15.7926829652216,0
2018-10-16T18:47:30.500000Z,1,1,-73,10.555,3.3068,9.81624017839824,0
2018-10-16T18:47:30.500000Z,1,10,-52,10.555,3.3068,3.59682516116644,0
2018-10-16T18:47:30.500000Z,1,3,-78.6666666666667,10.555,3.3068,15.0286490157965,0
2018-10-16T18:47:30.500000Z,1,11,-72,10.555,3.3068,10.2718329055724,0
2018-10-16T18:47:30.500000Z,1,9,-77,10.555,3.3068,11.606056661933,0
2018-10-16T18:47:30.500000Z,1,13,-65,10.555,3.3068,8.34592374995123,0
2018-10-16T18:47:31.000000Z,1,9,-80,10.8542,2.7906,11.179686668239,0
2018-10-16T18:47:31.000000Z,1,11,-71,10.8542,2.7906,10.4053848559292,0
2018-10-16T18:47:31.000000Z,1,10,-53.6666666666667,10.8542,2.7906,3.00540479802638,0
2018-10-16T18:47:31.000000Z,1,1,-72,10.8542,2.7906,9.72207066421552,0
2018-10-16T18:47:31.000000Z,1,8,-72,10.8542,2.7906,12.9153109912228,0
2018-10-16T18:47:31.000000Z,1,3,-75.5,10.8542,2.7906,14.8705965583093,0
2018-10-16T18:47:31.000000Z,1,13,-65,10.8542,2.7906,8.60188177086851,0
2018-10-16T18:47:31.000000Z,1,2,-77.5,10.8542,2.7906,15.7646620642499,0
2018-10-16T18:47:31.000000Z,1,12,-68,10.8542,2.7906,7.55883972577802,0
2018-10-16T18:47:31.500000Z,1,3,-77,10.8774,2.5232,14.9236008054357,0
2018-10-16T18:47:31.500000Z,1,8,-86.5,10.8774,2.5232,13.0814453712119,0
2018-10-16T18:47:31.500000Z,1,12,-71.6666666666667,10.8774,2.5232,7.82180369224388,0
2018-10-16T18:47:31.500000Z,1,10,-62.5,10.8774,2.5232,2.74960233488408,0
2018-10-16T18:47:31.500000Z,1,13,-75.3333333333333,10.8774,2.5232,8.81592178958049,0
2018-10-16T18:47:31.500000Z,1,2,-71.5,10.8774,2.5232,15.8737228462639,0
2018-10-16T18:47:31.500000Z,1,1,-90,10.8774,2.5232,9.80740602809938,0
2018-10-16T18:47:31.500000Z,1,9,-79.5,10.8774,2.5232,11.0933631059296,0
2018-10-16T18:47:31.500000Z,1,11,-75.5,10.8774,2.5232,10.3593814969814,0
2018-10-16T18:47:32.000000Z,1,11,-79,10.9006,2.2558,10.320155909675,0
2018-10-16T18:47:32.000000Z,1,13,-76,10.9006,2.2558,9.03286587966411,0
2018-10-16T18:47:32.000000Z,1,8,-77.6666666666667,10.9006,2.2558,13.25093392935,0
2018-10-16T18:47:32.000000Z,1,1,-66,10.9006,2.2558,9.89928532773957,0
2018-10-16T18:47:32.000000Z,1,3,-74.3333333333333,10.9006,2.2558,14.9812269857979,0
2018-10-16T18:47:32.000000Z,1,10,-56.5,10.9006,2.2558,2.49644747591452,0
2018-10-16T18:47:32.000000Z,1,2,-70,10.9006,2.2558,15.9865464062755,0
2018-10-16T18:47:32.000000Z,1,12,-63,10.9006,2.2558,8.08512523094108,0
2018-10-16T18:47:32.000000Z,1,9,-69,10.9006,2.2558,11.0129059743557,0
2018-10-16T18:47:32.500000Z,1,2,-76.3333333333333,10.9238,1.9884,16.1030536545091,0
2018-10-16T18:47:32.500000Z,1,1,-75,10.9238,1.9884,9.99752814449652,0
2018-10-16T18:47:32.500000Z,1,12,-70.25,10.9238,1.9884,8.34877050828444,0
2018-10-16T18:47:32.500000Z,1,8,-77.6666666666667,10.9238,1.9884,13.4236496155107,0
2018-10-16T18:47:32.500000Z,1,10,-52,10.9238,1.9884,2.24683532996969,0
2018-10-16T18:47:32.500000Z,1,3,-74.3333333333333,10.9238,1.9884,15.0434219843758,0
2018-10-16T18:47:32.500000Z,1,13,-82.6666666666667,10.9238,1.9884,9.25250976762521,0
2018-10-16T18:47:32.500000Z,1,9,-76.5,10.9238,1.9884,10.938444724914,0
2018-10-16T18:47:32.500000Z,1,11,-82,10.9238,1.9884,10.2877856217944,0
2018-10-16T18:47:33.000000Z,1,11,-76,11.481,1.669,10.7809722196099,0
2018-10-16T18:47:33.000000Z,1,12,-68,11.481,1.669,8.81770503022186,0
2018-10-16T18:47:33.000000Z,1,1,-72.5,11.481,1.669,9.66245734790069,0
2018-10-16T18:47:33.000000Z,1,10,-55.75,11.481,1.669,1.73916129211755,0
2018-10-16T18:47:33.000000Z,1,9,-81,11.481,1.669,10.3346582913999,0
2018-10-16T18:47:33.000000Z,1,13,-68.75,11.481,1.669,9.2767818773538,0
2018-10-16T18:47:33.000000Z,1,2,-73,11.481,1.669,15.8010544584847,0
2018-10-16T18:47:33.000000Z,1,3,-78.6666666666667,11.481,1.669,14.6272964692728,0
2018-10-16T18:47:33.000000Z,1,8,-79.5,11.481,1.669,14.0628589554187,0
2018-10-16T18:47:33.500000Z,1,8,-81,12.015,1.617,14.5312819117929,0
2018-10-16T18:47:33.500000Z,1,2,-79.5,12.015,1.617,15.3860740281594,0
2018-10-16T18:47:33.500000Z,1,13,-66.5,12.015,1.617,9.10625027110501,0
2018-10-16T18:47:33.500000Z,1,1,-72.6666666666667,12.015,1.617,9.23322879603879,0
2018-10-16T18:47:33.500000Z,1,3,-87,12.015,1.617,14.1483325519299,0
2018-10-16T18:47:33.500000Z,1,11,-86,12.015,1.617,11.3012793081137,0
2018-10-16T18:47:33.500000Z,1,10,-56.6666666666667,12.015,1.617,1.6176260383661,0
2018-10-16T18:47:33.500000Z,1,12,-81,12.015,1.617,9.04990574536553,0
2018-10-16T18:47:33.500000Z,1,9,-71,12.015,1.617,9.79933232419434,0
2018-10-16T18:47:34.000000Z,1,2,-83.5,12.5658333333333,1.78883333333333,14.8354664702155,0
2018-10-16T18:47:34.000000Z,1,3,-69,12.5658333333333,1.78883333333333,13.5730778401789,0
2018-10-16T18:47:34.000000Z,1,10,-70.5,12.5658333333333,1.78883333333333,1.88545539739225,0
2018-10-16T18:47:34.000000Z,1,11,-78,12.5658333333333,1.78883333333333,11.871381921336,0
2018-10-16T18:47:34.000000Z,1,8,-74,12.5658333333333,1.78883333333333,14.8969404707439,0
2018-10-16T18:47:34.000000Z,1,12,-76.5,12.5658333333333,1.78883333333333,9.11134066546862,0
2018-10-16T18:47:34.000000Z,1,1,-70,12.5658333333333,1.78883333333333,8.67707566266168,0
2018-10-16T18:47:34.000000Z,1,13,-64,12.5658333333333,1.78883333333333,8.74792329959263,0
2018-10-16T18:47:34.000000Z,1,9,-77.5,12.5658333333333,1.78883333333333,9.28805462528199,0
2018-10-16T18:47:34.500000Z,1,10,-64.3333333333333,12.5826666666667,2.01266666666667,2.1038506495366,0
2018-10-16T18:47:34.500000Z,1,2,-66,12.5826666666667,2.01266666666667,14.694146937547,0
2018-10-16T18:47:34.500000Z,1,11,-82.3333333333333,12.5826666666667,2.01266666666667,11.9237578342102,0
2018-10-16T18:47:34.500000Z,1,13,-79,12.5826666666667,2.01266666666667,8.53161576464596,0
2018-10-16T18:47:34.500000Z,1,8,-77,12.5826666666667,2.01266666666667,14.7922416902315,0
2018-10-16T18:47:34.500000Z,1,3,-82,12.5826666666667,2.01266666666667,13.4755002710681,0
2018-10-16T18:47:34.500000Z,1,9,-72,12.5826666666667,2.01266666666667,9.31731189178987,0
2018-10-16T18:47:34.500000Z,1,1,-76.5,12.5826666666667,2.01266666666667,8.54203649931066,0
2018-10-16T18:47:34.500000Z,1,12,-81.6666666666667,12.5826666666667,2.01266666666667,8.91675057904441,0
2018-10-16T18:47:35.000000Z,1,1,-67,12.5995,2.2365,8.41082056044474,0
2018-10-16T18:47:35.000000Z,1,13,-62.2,12.5995,2.2365,8.31574064650889,0
2018-10-16T18:47:35.000000Z,1,9,-73.3333333333333,12.5995,2.2365,9.35186679225063,0
2018-10-16T18:47:35.000000Z,1,8,-70,12.5995,2.2365,14.6902267681612,0
2018-10-16T18:47:35.000000Z,1,12,-69.25,12.5995,2.2365,8.72359573226545,0
2018-10-16T18:47:35.000000Z,1,2,-74.2,12.5995,2.2365,14.5549171244635,0
2018-10-16T18:47:35.000000Z,1,11,-83,12.5995,2.2365,11.9801111221891,0
2018-10-16T18:47:35.000000Z,1,3,-71.8,12.5995,2.2365,13.3809768888523,0
2018-10-16T18:47:35.000000Z,1,10,-70.25,12.5995,2.2365,2.32340321511355,0
2018-10-16T18:47:35.500000Z,1,8,-83,12.6163333333333,2.46033333333333,14.5909519984894,0
2018-10-16T18:47:35.500000Z,1,11,-81,12.6163333333333,2.46033333333333,12.0403859388126,0
2018-10-16T18:47:35.500000Z,1,2,-75.3333333333333,12.6163333333333,2.46033333333333,14.4178375709474,0
2018-10-16T18:47:35.500000Z,1,10,-82,12.6163333333333,2.46033333333333,2.54381345402702,0
2018-10-16T18:47:35.500000Z,1,13,-68,12.6163333333333,2.46033333333333,8.10033251718032,0
2018-10-16T18:47:35.500000Z,1,3,-91,12.6163333333333,2.46033333333333,13.2895728632973,0
2018-10-16T18:47:35.500000Z,1,1,-63,12.6163333333333,2.46033333333333,8.28360953261855,0
2018-10-16T18:47:35.500000Z,1,12,-67,12.6163333333333,2.46033333333333,8.53197360260541,0
2018-10-16T18:47:35.500000Z,1,9,-78,12.6163333333333,2.46033333333333,9.39166085181719,0
2018-10-16T18:47:36.000000Z,1,1,-69,12.6331666666667,2.68416666666667,8.16059070914736,0
2018-10-16T18:47:36.000000Z,1,2,-83.5,12.6331666666667,2.68416666666667,14.2829701879157,0
2018-10-16T18:47:36.000000Z,1,3,-73.3333333333333,12.6331666666667,2.68416666666667,13.2013529883199,0
2018-10-16T18:47:36.000000Z,1,8,-72.5,12.6331666666667,2.68416666666667,14.4944736844388,0
2018-10-16T18:47:36.000000Z,1,9,-79.5,12.6331666666667,2.68416666666667,9.4366277904533,0
2018-10-16T18:47:36.000000Z,1,10,-67.5,12.6331666666667,2.68416666666667,2.76487625803077,0
2018-10-16T18:47:36.000000Z,1,13,-65.3333333333333,12.6331666666667,2.68416666666667,7.88542964728126,0
2018-10-16T18:47:36.000000Z,1,12,-78.6666666666667,12.6331666666667,2.68416666666667,8.34198981392063,0
2018-10-16T18:47:36.000000Z,1,11,-79,12.6331666666667,2.68416666666667,12.1045237021353,0
2018-10-16T18:47:36.500000Z,1,9,-74,12.6845,3.2335,9.55900321686315,0
2018-10-16T18:47:36.500000Z,1,10,-62,12.6845,3.2335,3.31150003774724,0
2018-10-16T18:47:36.500000Z,1,1,-64,12.6845,3.2335,7.86857881068748,0
2018-10-16T18:47:36.500000Z,1,13,-62.6666666666667,12.6845,3.2335,7.35659245167217,0
2018-10-16T18:47:36.500000Z,1,12,-70.6666666666667,12.6845,3.2335,7.88850001584585,0
2018-10-16T18:47:36.500000Z,1,2,-83,12.6845,3.2335,13.9531180207149,0
2018-10-16T18:47:36.500000Z,1,11,-75,12.6845,3.2335,12.2875828583168,0
2018-10-16T18:47:36.500000Z,1,8,-79,12.6845,3.2335,14.2788036088462,0
2018-10-16T18:47:36.500000Z,1,3,-68,12.6845,3.2335,12.9891174642468,0
2018-10-16T18:47:37.000000Z,1,11,-75,12.719,3.559,12.4102700212364,0
2018-10-16T18:47:37.000000Z,1,13,-67,12.719,3.559,7.04328062766208,0
2018-10-16T18:47:37.000000Z,1,2,-70.25,12.719,3.559,13.7608169088903,0
2018-10-16T18:47:37.000000Z,1,9,-74.3333333333333,12.719,3.559,9.64188788567882,0
2018-10-16T18:47:37.000000Z,1,3,-62,12.719,3.559,12.8689223325032,0
2018-10-16T18:47:37.000000Z,1,8,-85,12.719,3.559,14.163273703491,0
2018-10-16T18:47:37.000000Z,1,10,-62,12.719,3.559,3.63696054419071,0
2018-10-16T18:47:37.000000Z,1,12,-70.6666666666667,12.719,3.559,7.62806410565617,0
2018-10-16T18:47:37.000000Z,1,1,-67,12.719,3.559,7.70521135336338,0
2018-10-16T18:47:37.500000Z,1,11,-73.5,12.7535,3.8845,12.5403027276059,0
2018-10-16T18:47:37.500000Z,1,12,-63,12.7535,3.8845,7.37296226085554,0
2018-10-16T18:47:37.500000Z,1,2,-71,12.7535,3.8845,13.5736856638129,0
2018-10-16T18:47:37.500000Z,1,10,-67.3333333333333,12.7535,3.8845,3.96272791142667,0
2018-10-16T18:47:37.500000Z,1,13,-57.5,12.7535,3.8845,6.73130243712166,0
2018-10-16T18:47:37.500000Z,1,8,-73.75,12.7535,3.8845,14.0544189670011,0
2018-10-16T18:47:37.500000Z,1,1,-73,12.7535,3.8845,7.55250372393155,0
2018-10-16T18:47:37.500000Z,1,9,-72.5,12.7535,3.8845,9.73507794010916,0
2018-10-16T18:47:37.500000Z,1,3,-73,12.7535,3.8845,12.755995943085,0
2018-10-16T18:47:38.000000Z,1,11,-81,13.0645,4.408375,13.0044900088633,0
2018-10-16T18:47:38.000000Z,1,3,-70.5,13.0645,4.408375,12.3394753896033,0
2018-10-16T18:47:38.000000Z,1,1,-60.5,13.0645,4.408375,7.08684258966043,0
2018-10-16T18:47:38.000000Z,1,9,-73.5,13.0645,4.408375,9.67784120507383,0
2018-10-16T18:47:38.000000Z,1,10,-72,13.0645,4.408375,4.54221315997224,0
2018-10-16T18:47:38.000000Z,1,12,-68.6666666666667,13.0645,4.408375,7.12927120332962,0
2018-10-16T18:47:38.000000Z,1,13,-70.3333333333333,13.0645,4.408375,6.12652657634201,0
2018-10-16T18:47:38.000000Z,1,2,-71,13.0645,4.408375,13.0555293990947,0
2018-10-16T18:47:38.000000Z,1,8,-86,13.0645,4.408375,14.1295098248533,0
2018-10-16T18:47:38.500000Z,1,12,-76.25,13.341,4.60675,7.15098325844076,0
2018-10-16T18:47:38.500000Z,1,9,-73.8,13.341,4.60675,9.52686026781646,0
2018-10-16T18:47:38.500000Z,1,8,-76.75,13.341,4.60675,14.3125246397168,0
2018-10-16T18:47:38.500000Z,1,2,-71,13.341,4.60675,12.7193247290294,0
2018-10-16T18:47:38.500000Z,1,13,-60.5,13.341,4.60675,5.83720151806497,0
2018-10-16T18:47:38.500000Z,1,1,-67,13.341,4.60675,6.76414529430733,0
2018-10-16T18:47:38.500000Z,1,3,-65.25,13.341,4.60675,12.0300013118245,0
2018-10-16T18:47:38.500000Z,1,11,-80.75,13.341,4.60675,13.332189113664,0
2018-10-16T18:47:38.500000Z,1,10,-67.4,13.341,4.60675,4.80643179110034,0
2018-10-16T18:47:39.000000Z,1,2,-77,13.6175,4.805125,12.3833438543725,0
2018-10-16T18:47:39.000000Z,1,11,-82.5,13.6175,4.805125,13.6605044751512,0
2018-10-16T18:47:39.000000Z,1,12,-68,13.6175,4.805125,7.18875684771887,0
2018-10-16T18:47:39.000000Z,1,9,-71.3333333333333,13.6175,4.805125,9.38579418672842,0
2018-10-16T18:47:39.000000Z,1,8,-85.5,13.6175,4.805125,14.5012166736321,0
2018-10-16T18:47:39.000000Z,1,13,-77,13.6175,4.805125,5.55365870536037,0
2018-10-16T18:47:39.000000Z,1,10,-68.5,13.6175,4.805125,5.07971283790974,0
2018-10-16T18:47:39.000000Z,1,1,-61.6666666666667,13.6175,4.805125,6.44325965762866,0
2018-10-16T18:47:39.000000Z,1,3,-75,13.6175,4.805125,11.722236135466,0
2018-10-16T18:47:39.500000Z,1,13,-64.5,13.894,5.0035,5.27683032226734,0
2018-10-16T18:47:39.500000Z,1,12,-73,13.894,5.0035,7.2423406610018,0
2018-10-16T18:47:39.500000Z,1,1,-74,13.894,5.0035,6.12447044649576,0
2018-10-16T18:47:39.500000Z,1,2,-73.3333333333333,13.894,5.0035,12.0476054986043,0
2018-10-16T18:47:39.500000Z,1,8,-85.5,13.894,5.0035,14.6953672376705,0
2018-10-16T18:47:39.500000Z,1,11,-82.5,13.894,5.0035,13.9893927048318,0
2018-10-16T18:47:39.500000Z,1,9,-71,13.894,5.0035,9.2550963393149,0
2018-10-16T18:47:39.500000Z,1,10,-72.75,13.894,5.0035,5.36067050377096,0
2018-10-16T18:47:39.500000Z,1,3,-73.5,13.894,5.0035,11.4163180688872,0
2018-10-16T18:47:40.000000Z,1,11,-88.5,14.1705,5.201875,14.3188143282056,0
2018-10-16T18:47:40.000000Z,1,13,-56.6666666666667,14.1705,5.201875,5.00782999567927,0
2018-10-16T18:47:40.000000Z,1,2,-76,14.1705,5.201875,11.7121305177848,0
2018-10-16T18:47:40.000000Z,1,3,-77,14.1705,5.201875,11.1123996627922,0
2018-10-16T18:47:40.000000Z,1,1,-63.5,14.1705,5.201875,5.80812286936365,0
2018-10-16T18:47:40.000000Z,1,12,-82.6666666666667,14.1705,5.201875,7.31138709586799,0
2018-10-16T18:47:40.000000Z,1,8,-72,14.1705,5.201875,14.8947628804766,0
2018-10-16T18:47:40.000000Z,1,9,-76.3333333333333,14.1705,5.201875,9.1352117526429,0
2018-10-16T18:47:40.000000Z,1,10,-67.3333333333333,14.1705,5.201875,5.64815932544621,0
2018-10-16T18:47:40.500000Z,1,2,-77,14.447,5.40025,11.3769422105634,0
2018-10-16T18:47:40.500000Z,1,3,-74,14.447,5.40025,10.8106495670936,0
2018-10-16T18:47:40.500000Z,1,12,-77.6666666666667,14.447,5.40025,7.39546307289138,0
2018-10-16T18:47:40.500000Z,1,11,-82.3333333333333,14.447,5.40025,14.6487333603455,0
2018-10-16T18:47:40.500000Z,1,10,-69.6666666666667,14.447,5.40025,5.94123127495471,0
2018-10-16T18:47:40.500000Z,1,8,-80,14.447,5.40025,15.0991958084694,0
2018-10-16T18:47:40.500000Z,1,9,-71.6666666666667,14.447,5.40025,9.02657127942277,0
2018-10-16T18:47:40.500000Z,1,13,-70.75,14.447,5.40025,4.74798842274283,0
2018-10-16T18:47:40.500000Z,1,1,-69,14.447,5.40025,5.49463866532641,0
2018-10-16T18:47:41.000000Z,1,13,-72.3333333333333,14.7235,5.598625,4.49889282386511,0
2018-10-16T18:47:41.000000Z,1,10,-73.3333333333333,14.7235,5.598625,6.23909962579738,0
2018-10-16T18:47:41.000000Z,1,2,-79,14.7235,5.598625,11.0420666833988,0
2018-10-16T18:47:41.000000Z,1,12,-75.6666666666667,14.7235,5.598625,7.49406275931987,0
2018-10-16T18:47:41.000000Z,1,9,-78,14.7235,5.598625,8.92958532859309,0
2018-10-16T18:47:41.000000Z,1,8,-75,14.7235,5.598625,15.3084642156104,0
2018-10-16T18:47:41.000000Z,1,1,-76,14.7235,5.598625,5.18453726388624,0
2018-10-16T18:47:41.000000Z,1,3,-71.5,14.7235,5.598625,10.5112545226831,0
2018-10-16T18:47:41.000000Z,1,11,-82.3333333333333,14.7235,5.598625,14.9791169346068,0
2018-10-16T18:47:41.500000Z,1,11,-82.3333333333333,15,5.797,15.309934977001,0
2018-10-16T18:47:41.500000Z,1,2,-79,15,5.797,10.707533282694,0
2018-10-16T18:47:41.500000Z,1,12,-75.6666666666667,15,5.797,7.60662139191902,0
2018-10-16T18:47:41.500000Z,1,9,-78,15,5.797,8.84463730177784,0
2018-10-16T18:47:41.500000Z,1,8,-75,15,5.797,15.5223725312853,0
2018-10-16T18:47:41.500000Z,1,1,-76,15,5.797,4.8784637950896,0
2018-10-16T18:47:41.500000Z,1,3,-71.5,15,5.797,10.2144216184765,0
2018-10-16T18:47:41.500000Z,1,10,-73.3333333333333,15,5.797,6.54110915671035,0
2018-10-16T18:47:41.500000Z,1,13,-77,15,5.797,4.26242759469296,0
